category,brand,model,price_jib,price_advice,price_ihavecpu,socket,memory_type,wattage,tdp,has_igpu,score_gaming,score_editing,max_m2_slots
CPU,Intel,Core Ultra 9 285K,20400,19290,19990,LGA1851,-,0,125,1,90,90,0
CPU,Intel,Core Ultra 9 285,15280,18865,19990,LGA1851,-,0,65,1,90,90,0
CPU,Intel,Core Ultra 9 285T,15000,14900,15100,LGA1851,-,0,65,1,90,90,0
CPU,Intel,Core Ultra 7 265K,13900,11520,15100,LGA1851,-,0,125,1,90,90,0
CPU,Intel,Core Ultra 7 265KF,12900,14900,15100,LGA1851,-,0,125,0,90,90,0
CPU,Intel,Core Ultra 7 265,13900,11850,15100,LGA1851,-,0,65,1,90,90,0
CPU,Intel,Core Ultra 7 265F,11600,11220,15100,LGA1851,-,0,65,0,90,90,0
CPU,Intel,Core Ultra 7 265T,15000,14900,15100,LGA1851,-,0,65,1,90,90,0
CPU,Intel,Core Ultra 5 245K,6990,7140,6990,LGA1851,-,0,125,1,90,90,0
CPU,Intel,Core Ultra 5 245KF,6990,6950,6990,LGA1851,-,0,125,0,90,90,0
CPU,Intel,Core Ultra 5 245,6990,6950,6990,LGA1851,-,0,65,1,90,90,0
CPU,Intel,Core Ultra 5 235,8990,8690,15100,LGA1851,-,0,65,1,90,90,0
CPU,Intel,Core Ultra 5 225,9182,14900,15100,LGA1851,-,0,65,1,90,90,0
CPU,Intel,Core Ultra 5 225F,15000,14900,15100,LGA1851,-,0,65,0,90,90,0
CPU,Intel,Core i9-14900KS,10000,9900,10100,LGA1700,-,0,125,1,80,80,0
CPU,Intel,Core i9-14900K,5839,15510,15790,LGA1700,-,0,125,1,80,80,0
CPU,Intel,Core i9-14900KF,5839,9900,15790,LGA1700,-,0,125,0,80,80,0
CPU,Intel,Core i9-14900F,6480,9900,10100,LGA1700,-,0,65,0,80,80,0
CPU,Intel,Core i9-14900,9627,15510,15790,LGA1700,-,0,65,1,80,80,0
CPU,Intel,Core i9-14900T,10000,9900,10100,LGA1700,-,0,65,1,80,80,0
CPU,Intel,Core i7-14700K,12200,11790,11790,LGA1700,-,0,125,1,80,80,0
CPU,Intel,Core i7-14700KF,12200,11720,11790,LGA1700,-,0,125,0,80,80,0
CPU,Intel,Core i7-14700,9748,11790,10490,LGA1700,-,0,65,1,80,80,0
CPU,Intel,Core i7-14700F,11500,10230,10490,LGA1700,-,0,65,0,80,80,0
CPU,Intel,Core i7-14700T,10000,9900,10100,LGA1700,-,0,65,1,80,80,0
CPU,Intel,Core i5-14600K,7790,8790,7790,LGA1700,-,0,125,1,80,80,0
CPU,Intel,Core i5-14600KF,7790,9900,10100,LGA1700,-,0,125,0,80,80,0
CPU,Intel,Core i5-14500,9190,9900,10100,LGA1700,-,0,65,1,80,80,0
CPU,Intel,Core i5-14400,5790,5950,5790,LGA1700,-,0,65,1,80,80,0
CPU,Intel,Core i5-14400F,4396,6050,5790,LGA1700,-,0,65,0,80,80,0
CPU,Intel,Core i3-14100,4190,9900,10100,LGA1700,-,0,65,1,80,80,0
CPU,Intel,Core i3-14100F,10000,9900,10100,LGA1700,-,0,65,0,80,80,0
CPU,Intel,Core i9-13900KS,10000,9900,10100,LGA1700,-,0,125,1,80,80,0
CPU,Intel,Core i9-13900K,10000,9900,10100,LGA1700,-,0,125,1,80,80,0
CPU,Intel,Core i9-13900KF,10000,9900,10100,LGA1700,-,0,125,0,80,80,0
CPU,Intel,Core i9-13900F,10000,9900,10100,LGA1700,-,0,65,0,80,80,0
CPU,Intel,Core i9-13900,10000,9900,10100,LGA1700,-,0,65,1,80,80,0
CPU,Intel,Core i9-13900T,10000,9900,10100,LGA1700,-,0,65,1,80,80,0
CPU,Intel,Core i7-13700K,13900,9900,10100,LGA1700,-,0,125,1,80,80,0
CPU,Intel,Core i7-13700KF,13900,9900,10100,LGA1700,-,0,125,0,80,80,0
CPU,Intel,Core i7-13700,9179,9900,10100,LGA1700,-,0,65,1,80,80,0
CPU,Intel,Core i7-13700F,10000,9900,10100,LGA1700,-,0,65,0,80,80,0
CPU,Intel,Core i7-13700T,10000,9900,10100,LGA1700,-,0,65,1,80,80,0
CPU,Intel,Core i5-13600K,10000,9900,10100,LGA1700,-,0,125,1,80,80,0
CPU,Intel,Core i5-13600KF,10000,9900,10100,LGA1700,-,0,125,0,80,80,0
CPU,Intel,Core i5-13500,15689,9900,10100,LGA1700,-,0,65,1,80,80,0
CPU,Intel,Core i5-13400,5190,4922,10100,LGA1700,-,0,65,1,80,80,0
CPU,Intel,Core i5-13400F,5190,4922,10100,LGA1700,-,0,65,0,80,80,0
CPU,Intel,Core i3-13100,5989,9900,10100,LGA1700,-,0,65,1,80,80,0
CPU,Intel,Core i3-13100F,10000,9900,10100,LGA1700,-,0,65,0,80,80,0
CPU,Intel,Core i9-12900KS,10000,9900,10100,LGA1700,-,0,125,1,80,80,0
CPU,Intel,Core i9-12900K,10000,9900,10100,LGA1700,-,0,125,1,80,80,0
CPU,Intel,Core i9-12900KF,10000,9900,10100,LGA1700,-,0,125,0,80,80,0
CPU,Intel,Core i9-12900F,10000,9900,10100,LGA1700,-,0,65,0,80,80,0
CPU,Intel,Core i9-12900,10000,9900,10100,LGA1700,-,0,65,1,80,80,0
CPU,Intel,Core i7-12700K,10400,9900,10100,LGA1700,-,0,125,1,80,80,0
CPU,Intel,Core i7-12700KF,10000,9900,10100,LGA1700,-,0,125,0,80,80,0
CPU,Intel,Core i7-12700,10400,8940,10100,LGA1700,-,0,65,1,80,80,0
CPU,Intel,Core i7-12700F,10000,8940,10100,LGA1700,-,0,65,0,80,80,0
CPU,Intel,Core i5-12600K,10000,9900,10100,LGA1700,-,0,125,1,80,80,0
CPU,Intel,Core i5-12600KF,10000,9900,10100,LGA1700,-,0,125,0,80,80,0
CPU,Intel,Core i5-12500,5775,9900,10100,LGA1700,-,0,65,1,80,80,0
CPU,Intel,Core i5-12400,5290,5062,4990,LGA1700,-,0,65,1,80,80,0
CPU,Intel,Core i5-12400F,5290,4962,4990,LGA1700,-,0,65,0,80,80,0
CPU,Intel,Core i3-12100,5478,5260,10100,LGA1700,-,0,65,1,80,80,0
CPU,Intel,Core i3-12100F,10000,9900,10100,LGA1700,-,0,65,0,80,80,0
CPU,AMD,Ryzen 9 9950X,5992,11900,12100,AM5,-,0,105,1,85,80,0
CPU,AMD,Ryzen 9 9900X,5170,15190,12100,AM5,-,0,105,1,85,80,0
CPU,AMD,Ryzen 9 9900,5170,15190,12100,AM5,-,0,65,1,85,80,0
CPU,AMD,Ryzen 9 9700X,12769,11900,12290,AM5,-,0,105,1,85,80,0
CPU,AMD,Ryzen 9 9600X,8990,11900,12100,AM5,-,0,105,1,85,80,0
CPU,AMD,Ryzen 7 8700G,10100,11900,12100,AM5,-,0,65,1,85,80,0
CPU,AMD,Ryzen 5 8600G,6890,6890,12100,AM5,-,0,65,1,85,80,0
CPU,AMD,Ryzen 5 8500G,5490,5490,5490,AM5,-,0,65,1,85,80,0
CPU,AMD,Ryzen 3 8300G,12000,11900,12100,AM5,-,0,65,1,85,80,0
CPU,AMD,Ryzen 5 8400F,5490,4950,4890,AM5,-,0,65,0,85,80,0
CPU,AMD,Ryzen 7 8700F,9290,6530,6390,AM5,-,0,65,0,85,80,0
CPU,AMD,Ryzen 7 7950X3D,12000,11900,12100,AM5,-,0,105,1,85,80,0
CPU,AMD,Ryzen 7 7950X,12000,11900,12100,AM5,-,0,105,1,85,80,0
CPU,AMD,Ryzen 7 7900X3D,12000,11900,12100,AM5,-,0,105,1,85,80,0
CPU,AMD,Ryzen 7 7900X,14190,11900,12100,AM5,-,0,105,1,85,80,0
CPU,AMD,Ryzen 7 7900,13390,11900,12100,AM5,-,0,65,1,85,80,0
CPU,AMD,Ryzen 7 7800X3D,5410,13370,12990,AM5,-,0,105,1,85,80,0
CPU,AMD,Ryzen 7 7700X,11890,11890,12100,AM5,-,0,105,1,85,80,0
CPU,AMD,Ryzen 7 7700,10990,8810,12100,AM5,-,0,65,1,85,80,0
CPU,AMD,Ryzen 7 7600X,8190,7190,12100,AM5,-,0,105,1,85,80,0
CPU,AMD,Ryzen 7 7600,19290,7190,12100,AM5,-,0,65,1,85,80,0
CPU,AMD,Ryzen 7 7500F,9156,5150,5090,AM5,-,0,65,0,85,80,0
CPU,AMD,Ryzen 5 5950X,12000,11900,12100,AM4,-,0,105,0,85,80,0
CPU,AMD,Ryzen 5 5900X,12000,11900,12100,AM4,-,0,105,0,85,80,0
CPU,AMD,Ryzen 5 5800X3D,12000,11900,12100,AM4,-,0,105,0,85,80,0
CPU,AMD,Ryzen 5 5800X,12000,11900,12100,AM4,-,0,105,0,85,80,0
CPU,AMD,Ryzen 5 5700X3D,7990,11900,12100,AM4,-,0,105,0,85,80,0
CPU,AMD,Ryzen 5 5700X,6290,5840,12100,AM4,-,0,105,0,85,80,0
CPU,AMD,Ryzen 5 5700G,5990,17400,12100,AM4,-,0,65,1,85,80,0
CPU,AMD,Ryzen 5 5600X3D,12000,11900,12100,AM4,-,0,105,0,85,80,0
CPU,AMD,Ryzen 5 5600X,12000,4840,12100,AM4,-,0,105,0,85,80,0
CPU,AMD,Ryzen 5 5600G,12570,4940,12100,AM4,-,0,65,1,85,80,0
CPU,AMD,Ryzen 5 5600GT,5090,4940,12100,AM4,-,0,65,1,85,80,0
CPU,AMD,Ryzen 5 5600,4871,4840,12100,AM4,-,0,65,0,85,80,0
CPU,AMD,Ryzen 5 5500GT,5501,11820,14990,AM4,-,0,65,1,85,80,0
CPU,AMD,Ryzen 5 5500,5501,11900,14990,AM4,-,0,65,0,85,80,0
CPU,AMD,Ryzen 5 5300G,12000,11900,12100,AM4,-,0,65,1,85,80,0
CPU,AMD,Ryzen 3 4700G,12000,11900,12100,AM4,-,0,65,1,85,80,0
CPU,AMD,Ryzen 3 4600G,12000,11900,12100,AM4,-,0,65,1,85,80,0
CPU,AMD,Ryzen 3 4500,12000,11900,12100,AM4,-,0,65,0,85,80,0
CPU,AMD,Ryzen 3 4300G,5093,11900,12100,AM4,-,0,65,1,85,80,0
GPU,ASUS,RTX 4090 24GB,20000,19900,20100,-,-,300,0,0,90,85,0
GPU,MSI,RTX 4090 24GB,20000,19900,20100,-,-,300,0,0,90,85,0
GPU,Gigabyte,RTX 4090 24GB,20000,19900,20100,-,-,300,0,0,90,85,0
GPU,Zotac,RTX 4090 24GB,20000,19900,20100,-,-,300,0,0,90,85,0
GPU,Galax,RTX 4090 24GB,20000,19900,20100,-,-,300,0,0,90,85,0
GPU,Inno3D,RTX 4090 24GB,20000,19900,20100,-,-,300,0,0,90,85,0
GPU,Colorful,RTX 4090 24GB,20000,19900,20100,-,-,300,0,0,90,85,0
GPU,ASRock,RTX 4090 24GB,20000,19900,20100,-,-,300,0,0,90,85,0
GPU,Palit,RTX 4090 24GB,20000,19900,20100,-,-,300,0,0,90,85,0
GPU,ASUS,RTX 4080 SUPER 16GB,20000,19900,20100,-,-,300,0,0,90,85,0
GPU,MSI,RTX 4080 SUPER 16GB,20000,19900,20100,-,-,300,0,0,90,85,0
GPU,Gigabyte,RTX 4080 SUPER 16GB,20000,19900,20100,-,-,300,0,0,90,85,0
GPU,Zotac,RTX 4080 SUPER 16GB,20000,19900,20100,-,-,300,0,0,90,85,0
GPU,Galax,RTX 4080 SUPER 16GB,20000,19900,20100,-,-,300,0,0,90,85,0
GPU,Inno3D,RTX 4080 SUPER 16GB,20000,19900,20100,-,-,300,0,0,90,85,0
GPU,Colorful,RTX 4080 SUPER 16GB,20000,19900,20100,-,-,300,0,0,90,85,0
GPU,ASRock,RTX 4080 SUPER 16GB,20000,19900,20100,-,-,300,0,0,90,85,0
GPU,Palit,RTX 4080 SUPER 16GB,20000,19900,20100,-,-,300,0,0,90,85,0
GPU,ASUS,RTX 4080 16GB,20000,19900,20100,-,-,300,0,0,90,85,0
GPU,MSI,RTX 4080 16GB,20000,19900,20100,-,-,300,0,0,90,85,0
GPU,Gigabyte,RTX 4080 16GB,20000,19900,20100,-,-,300,0,0,90,85,0
GPU,Zotac,RTX 4080 16GB,20000,19900,20100,-,-,300,0,0,90,85,0
GPU,Galax,RTX 4080 16GB,20000,19900,20100,-,-,300,0,0,90,85,0
GPU,Inno3D,RTX 4080 16GB,20000,19900,20100,-,-,300,0,0,90,85,0
GPU,Colorful,RTX 4080 16GB,20000,19900,20100,-,-,300,0,0,90,85,0
GPU,ASRock,RTX 4080 16GB,20000,19900,20100,-,-,300,0,0,90,85,0
GPU,Palit,RTX 4080 16GB,20000,19900,20100,-,-,300,0,0,90,85,0
GPU,ASUS,RTX 4070 Ti SUPER 16GB,20000,19900,20100,-,-,200,0,0,90,85,0
GPU,MSI,RTX 4070 Ti SUPER 16GB,20000,19900,20100,-,-,200,0,0,90,85,0
GPU,Gigabyte,RTX 4070 Ti SUPER 16GB,14359,19900,20100,-,-,200,0,0,90,85,0
GPU,Zotac,RTX 4070 Ti SUPER 16GB,20000,19900,20100,-,-,200,0,0,90,85,0
GPU,Galax,RTX 4070 Ti SUPER 16GB,20000,19900,20100,-,-,200,0,0,90,85,0
GPU,Inno3D,RTX 4070 Ti SUPER 16GB,20000,19900,20100,-,-,200,0,0,90,85,0
GPU,Colorful,RTX 4070 Ti SUPER 16GB,20000,19900,20100,-,-,200,0,0,90,85,0
GPU,ASRock,RTX 4070 Ti SUPER 16GB,20000,19900,20100,-,-,200,0,0,90,85,0
GPU,Palit,RTX 4070 Ti SUPER 16GB,20000,19900,20100,-,-,200,0,0,90,85,0
GPU,ASUS,RTX 4070 Ti 12GB,20000,19900,20100,-,-,200,0,0,90,85,0
GPU,MSI,RTX 4070 Ti 12GB,20000,19900,20100,-,-,200,0,0,90,85,0
GPU,Gigabyte,RTX 4070 Ti 12GB,14359,19900,20100,-,-,200,0,0,90,85,0
GPU,Zotac,RTX 4070 Ti 12GB,20000,19900,20100,-,-,200,0,0,90,85,0
GPU,Galax,RTX 4070 Ti 12GB,20000,19900,20100,-,-,200,0,0,90,85,0
GPU,Inno3D,RTX 4070 Ti 12GB,20000,19900,20100,-,-,200,0,0,90,85,0
GPU,Colorful,RTX 4070 Ti 12GB,20000,19900,20100,-,-,200,0,0,90,85,0
GPU,ASRock,RTX 4070 Ti 12GB,20000,19900,20100,-,-,200,0,0,90,85,0
GPU,Palit,RTX 4070 Ti 12GB,20000,19900,20100,-,-,200,0,0,90,85,0
GPU,ASUS,RTX 4070 SUPER 12GB,20000,19900,20100,-,-,200,0,0,90,85,0
GPU,MSI,RTX 4070 SUPER 12GB,20000,19900,20100,-,-,200,0,0,90,85,0
GPU,Gigabyte,RTX 4070 SUPER 12GB,14359,19900,20100,-,-,200,0,0,90,85,0
GPU,Zotac,RTX 4070 SUPER 12GB,20000,19900,20100,-,-,200,0,0,90,85,0
GPU,Galax,RTX 4070 SUPER 12GB,20000,19900,20100,-,-,200,0,0,90,85,0
GPU,Inno3D,RTX 4070 SUPER 12GB,20000,19900,20100,-,-,200,0,0,90,85,0
GPU,Colorful,RTX 4070 SUPER 12GB,20000,19900,20100,-,-,200,0,0,90,85,0
GPU,ASRock,RTX 4070 SUPER 12GB,20000,19900,20100,-,-,200,0,0,90,85,0
GPU,Palit,RTX 4070 SUPER 12GB,20000,19900,20100,-,-,200,0,0,90,85,0
GPU,ASUS,RTX 4070 12GB,9394,19900,20100,-,-,200,0,0,90,85,0
GPU,MSI,RTX 4070 12GB,20000,19900,20100,-,-,200,0,0,90,85,0
GPU,Gigabyte,RTX 4070 12GB,14359,19900,20100,-,-,200,0,0,90,85,0
GPU,Zotac,RTX 4070 12GB,20000,19900,20100,-,-,200,0,0,90,85,0
GPU,Galax,RTX 4070 12GB,20000,19900,20100,-,-,200,0,0,90,85,0
GPU,Inno3D,RTX 4070 12GB,20000,19900,20100,-,-,200,0,0,90,85,0
GPU,Colorful,RTX 4070 12GB,20000,19900,20100,-,-,200,0,0,90,85,0
GPU,ASRock,RTX 4070 12GB,20000,19900,20100,-,-,200,0,0,90,85,0
GPU,Palit,RTX 4070 12GB,20000,19900,20100,-,-,200,0,0,90,85,0
GPU,ASUS,RTX 4060 Ti 16GB,20000,19900,20100,-,-,150,0,0,90,85,0
GPU,MSI,RTX 4060 Ti 16GB,20000,19900,20100,-,-,150,0,0,90,85,0
GPU,Gigabyte,RTX 4060 Ti 16GB,27813,19900,20100,-,-,150,0,0,90,85,0
GPU,Zotac,RTX 4060 Ti 16GB,20000,19900,20100,-,-,150,0,0,90,85,0
GPU,Galax,RTX 4060 Ti 16GB,20000,19900,20100,-,-,150,0,0,90,85,0
GPU,Inno3D,RTX 4060 Ti 16GB,20000,19900,20100,-,-,150,0,0,90,85,0
GPU,Colorful,RTX 4060 Ti 16GB,20000,19900,20100,-,-,150,0,0,90,85,0
GPU,ASRock,RTX 4060 Ti 16GB,20000,19900,20100,-,-,150,0,0,90,85,0
GPU,Palit,RTX 4060 Ti 16GB,20000,19900,20100,-,-,150,0,0,90,85,0
GPU,ASUS,RTX 4060 Ti 8GB,20000,19900,20100,-,-,150,0,0,90,85,0
GPU,MSI,RTX 4060 Ti 8GB,20000,19900,20100,-,-,150,0,0,90,85,0
GPU,Gigabyte,RTX 4060 Ti 8GB,27813,19900,20100,-,-,150,0,0,90,85,0
GPU,Zotac,RTX 4060 Ti 8GB,20000,19900,20100,-,-,150,0,0,90,85,0
GPU,Galax,RTX 4060 Ti 8GB,20000,19900,20100,-,-,150,0,0,90,85,0
GPU,Inno3D,RTX 4060 Ti 8GB,20000,19900,20100,-,-,150,0,0,90,85,0
GPU,Colorful,RTX 4060 Ti 8GB,20000,19900,20100,-,-,150,0,0,90,85,0
GPU,ASRock,RTX 4060 Ti 8GB,20000,19900,20100,-,-,150,0,0,90,85,0
GPU,Palit,RTX 4060 Ti 8GB,20000,19900,20100,-,-,150,0,0,90,85,0
GPU,ASUS,RTX 4060 8GB,19238,19900,20100,-,-,150,0,0,90,85,0
GPU,MSI,RTX 4060 8GB,14149,19900,20100,-,-,150,0,0,90,85,0
GPU,Gigabyte,RTX 4060 8GB,27813,19900,20100,-,-,150,0,0,90,85,0
GPU,Zotac,RTX 4060 8GB,20000,9490,20100,-,-,150,0,0,90,85,0
GPU,Galax,RTX 4060 8GB,20000,9490,20100,-,-,150,0,0,90,85,0
GPU,Inno3D,RTX 4060 8GB,20000,19900,20100,-,-,150,0,0,90,85,0
GPU,Colorful,RTX 4060 8GB,20000,19900,20100,-,-,150,0,0,90,85,0
GPU,ASRock,RTX 4060 8GB,20000,19900,20100,-,-,150,0,0,90,85,0
GPU,Palit,RTX 4060 8GB,20000,19900,20100,-,-,150,0,0,90,85,0
GPU,ASUS,RTX 3090 Ti 24GB,20000,19900,20100,-,-,300,0,0,90,85,0
GPU,MSI,RTX 3090 Ti 24GB,20000,19900,20100,-,-,300,0,0,90,85,0
GPU,Gigabyte,RTX 3090 Ti 24GB,20000,19900,20100,-,-,300,0,0,90,85,0
GPU,Zotac,RTX 3090 Ti 24GB,20000,19900,20100,-,-,300,0,0,90,85,0
GPU,Galax,RTX 3090 Ti 24GB,20000,19900,20100,-,-,300,0,0,90,85,0
GPU,Inno3D,RTX 3090 Ti 24GB,20000,19900,20100,-,-,300,0,0,90,85,0
GPU,Colorful,RTX 3090 Ti 24GB,20000,19900,20100,-,-,300,0,0,90,85,0
GPU,ASRock,RTX 3090 Ti 24GB,20000,19900,20100,-,-,300,0,0,90,85,0
GPU,Palit,RTX 3090 Ti 24GB,20000,19900,20100,-,-,300,0,0,90,85,0
GPU,ASUS,RTX 3090 24GB,20000,19900,20100,-,-,300,0,0,90,85,0
GPU,MSI,RTX 3090 24GB,20000,19900,20100,-,-,300,0,0,90,85,0
GPU,Gigabyte,RTX 3090 24GB,20000,19900,20100,-,-,300,0,0,90,85,0
GPU,Zotac,RTX 3090 24GB,20000,19900,20100,-,-,300,0,0,90,85,0
GPU,Galax,RTX 3090 24GB,20000,19900,20100,-,-,300,0,0,90,85,0
GPU,Inno3D,RTX 3090 24GB,20000,19900,20100,-,-,300,0,0,90,85,0
GPU,Colorful,RTX 3090 24GB,20000,19900,20100,-,-,300,0,0,90,85,0
GPU,ASRock,RTX 3090 24GB,20000,19900,20100,-,-,300,0,0,90,85,0
GPU,Palit,RTX 3090 24GB,20000,19900,20100,-,-,300,0,0,90,85,0
GPU,ASUS,RTX 3080 Ti 12GB,20000,19900,20100,-,-,300,0,0,90,85,0
GPU,MSI,RTX 3080 Ti 12GB,20000,19900,20100,-,-,300,0,0,90,85,0
GPU,Gigabyte,RTX 3080 Ti 12GB,20000,19900,20100,-,-,300,0,0,90,85,0
GPU,Zotac,RTX 3080 Ti 12GB,20000,19900,20100,-,-,300,0,0,90,85,0
GPU,Galax,RTX 3080 Ti 12GB,20000,19900,20100,-,-,300,0,0,90,85,0
GPU,Inno3D,RTX 3080 Ti 12GB,20000,19900,20100,-,-,300,0,0,90,85,0
GPU,Colorful,RTX 3080 Ti 12GB,20000,19900,20100,-,-,300,0,0,90,85,0
GPU,ASRock,RTX 3080 Ti 12GB,20000,19900,20100,-,-,300,0,0,90,85,0
GPU,Palit,RTX 3080 Ti 12GB,20000,19900,20100,-,-,300,0,0,90,85,0
GPU,ASUS,RTX 3080 10GB,20000,19900,20100,-,-,300,0,0,90,85,0
GPU,MSI,RTX 3080 10GB,20000,19900,20100,-,-,300,0,0,90,85,0
GPU,Gigabyte,RTX 3080 10GB,20000,19900,20100,-,-,300,0,0,90,85,0
GPU,Zotac,RTX 3080 10GB,20000,19900,20100,-,-,300,0,0,90,85,0
GPU,Galax,RTX 3080 10GB,20000,19900,20100,-,-,300,0,0,90,85,0
GPU,Inno3D,RTX 3080 10GB,20000,19900,20100,-,-,300,0,0,90,85,0
GPU,Colorful,RTX 3080 10GB,20000,19900,20100,-,-,300,0,0,90,85,0
GPU,ASRock,RTX 3080 10GB,20000,19900,20100,-,-,300,0,0,90,85,0
GPU,Palit,RTX 3080 10GB,20000,19900,20100,-,-,300,0,0,90,85,0
GPU,ASUS,RTX 3070 Ti 8GB,20000,19900,20100,-,-,200,0,0,90,85,0
GPU,MSI,RTX 3070 Ti 8GB,20000,19900,20100,-,-,200,0,0,90,85,0
GPU,Gigabyte,RTX 3070 Ti 8GB,20000,19900,20100,-,-,200,0,0,90,85,0
GPU,Zotac,RTX 3070 Ti 8GB,20000,19900,20100,-,-,200,0,0,90,85,0
GPU,Galax,RTX 3070 Ti 8GB,20000,19900,20100,-,-,200,0,0,90,85,0
GPU,Inno3D,RTX 3070 Ti 8GB,20000,19900,20100,-,-,200,0,0,90,85,0
GPU,Colorful,RTX 3070 Ti 8GB,20000,19900,20100,-,-,200,0,0,90,85,0
GPU,ASRock,RTX 3070 Ti 8GB,20000,19900,20100,-,-,200,0,0,90,85,0
GPU,Palit,RTX 3070 Ti 8GB,20000,19900,20100,-,-,200,0,0,90,85,0
GPU,ASUS,RTX 3070 8GB,20000,19900,20100,-,-,200,0,0,90,85,0
GPU,MSI,RTX 3070 8GB,20000,19900,20100,-,-,200,0,0,90,85,0
GPU,Gigabyte,RTX 3070 8GB,20000,19900,20100,-,-,200,0,0,90,85,0
GPU,Zotac,RTX 3070 8GB,20000,19900,20100,-,-,200,0,0,90,85,0
GPU,Galax,RTX 3070 8GB,20000,19900,20100,-,-,200,0,0,90,85,0
GPU,Inno3D,RTX 3070 8GB,20000,19900,20100,-,-,200,0,0,90,85,0
GPU,Colorful,RTX 3070 8GB,20000,19900,20100,-,-,200,0,0,90,85,0
GPU,ASRock,RTX 3070 8GB,20000,19900,20100,-,-,200,0,0,90,85,0
GPU,Palit,RTX 3070 8GB,20000,19900,20100,-,-,200,0,0,90,85,0
GPU,ASUS,RTX 3060 Ti 8GB,20000,19900,20100,-,-,150,0,0,90,85,0
GPU,MSI,RTX 3060 Ti 8GB,20000,19900,20100,-,-,150,0,0,90,85,0
GPU,Gigabyte,RTX 3060 Ti 8GB,20000,19900,20100,-,-,150,0,0,90,85,0
GPU,Zotac,RTX 3060 Ti 8GB,20000,19900,20100,-,-,150,0,0,90,85,0
GPU,Galax,RTX 3060 Ti 8GB,20000,19900,20100,-,-,150,0,0,90,85,0
GPU,Inno3D,RTX 3060 Ti 8GB,20000,19900,20100,-,-,150,0,0,90,85,0
GPU,Colorful,RTX 3060 Ti 8GB,20000,19900,20100,-,-,150,0,0,90,85,0
GPU,ASRock,RTX 3060 Ti 8GB,20000,19900,20100,-,-,150,0,0,90,85,0
GPU,Palit,RTX 3060 Ti 8GB,20000,19900,20100,-,-,150,0,0,90,85,0
GPU,ASUS,RTX 3060 12GB,20000,19900,20100,-,-,150,0,0,90,85,0
GPU,MSI,RTX 3060 12GB,20000,19900,20100,-,-,150,0,0,90,85,0
GPU,Gigabyte,RTX 3060 12GB,20000,19900,20100,-,-,150,0,0,90,85,0
GPU,Zotac,RTX 3060 12GB,20000,9270,20100,-,-,150,0,0,90,85,0
GPU,Galax,RTX 3060 12GB,20000,19900,20100,-,-,150,0,0,90,85,0
GPU,Inno3D,RTX 3060 12GB,20000,19900,20100,-,-,150,0,0,90,85,0
GPU,Colorful,RTX 3060 12GB,20000,19900,20100,-,-,150,0,0,90,85,0
GPU,ASRock,RTX 3060 12GB,20000,19900,20100,-,-,150,0,0,90,85,0
GPU,Palit,RTX 3060 12GB,20000,19900,20100,-,-,150,0,0,90,85,0
GPU,ASUS,RTX 3050 8GB,24990,19900,20100,-,-,150,0,0,90,85,0
GPU,MSI,RTX 3050 8GB,26990,19900,20100,-,-,150,0,0,90,85,0
GPU,Gigabyte,RTX 3050 8GB,23093,19900,20100,-,-,150,0,0,90,85,0
GPU,Zotac,RTX 3050 8GB,27586,19900,20100,-,-,150,0,0,90,85,0
GPU,Galax,RTX 3050 8GB,21356,19900,20100,-,-,150,0,0,90,85,0
GPU,Inno3D,RTX 3050 8GB,21113,19900,20100,-,-,150,0,0,90,85,0
GPU,Colorful,RTX 3050 8GB,20000,19900,20100,-,-,150,0,0,90,85,0
GPU,ASRock,RTX 3050 8GB,20000,19900,20100,-,-,150,0,0,90,85,0
GPU,Palit,RTX 3050 8GB,20000,19900,20100,-,-,150,0,0,90,85,0
GPU,ASUS,RTX 3050 6GB,24990,19900,20100,-,-,150,0,0,90,85,0
GPU,MSI,RTX 3050 6GB,26990,19900,20100,-,-,150,0,0,90,85,0
GPU,Gigabyte,RTX 3050 6GB,23093,19900,20100,-,-,150,0,0,90,85,0
GPU,Zotac,RTX 3050 6GB,27586,19900,20100,-,-,150,0,0,90,85,0
GPU,Galax,RTX 3050 6GB,21356,19900,20100,-,-,150,0,0,90,85,0
GPU,Inno3D,RTX 3050 6GB,21113,19900,20100,-,-,150,0,0,90,85,0
GPU,Colorful,RTX 3050 6GB,20000,19900,20100,-,-,150,0,0,90,85,0
GPU,ASRock,RTX 3050 6GB,20000,19900,20100,-,-,150,0,0,90,85,0
GPU,Palit,RTX 3050 6GB,20000,19900,20100,-,-,150,0,0,90,85,0
GPU,ASUS,GTX 1660 SUPER 6GB,20000,19900,20100,-,-,150,0,0,90,85,0
GPU,MSI,GTX 1660 SUPER 6GB,20000,19900,20100,-,-,150,0,0,90,85,0
GPU,Gigabyte,GTX 1660 SUPER 6GB,20000,19900,20100,-,-,150,0,0,90,85,0
GPU,Zotac,GTX 1660 SUPER 6GB,20000,19900,20100,-,-,150,0,0,90,85,0
GPU,Galax,GTX 1660 SUPER 6GB,20000,19900,20100,-,-,150,0,0,90,85,0
GPU,Inno3D,GTX 1660 SUPER 6GB,20000,19900,20100,-,-,150,0,0,90,85,0
GPU,Colorful,GTX 1660 SUPER 6GB,20000,19900,20100,-,-,150,0,0,90,85,0
GPU,ASRock,GTX 1660 SUPER 6GB,20000,19900,20100,-,-,150,0,0,90,85,0
GPU,Palit,GTX 1660 SUPER 6GB,20000,19900,20100,-,-,150,0,0,90,85,0
GPU,ASUS,GTX 1650 4GB,20000,19900,20100,-,-,150,0,0,90,85,0
GPU,MSI,GTX 1650 4GB,20000,19900,20100,-,-,150,0,0,90,85,0
GPU,Gigabyte,GTX 1650 4GB,20000,19900,20100,-,-,150,0,0,90,85,0
GPU,Zotac,GTX 1650 4GB,20000,19900,20100,-,-,150,0,0,90,85,0
GPU,Galax,GTX 1650 4GB,20000,19900,20100,-,-,150,0,0,90,85,0
GPU,Inno3D,GTX 1650 4GB,20000,19900,20100,-,-,150,0,0,90,85,0
GPU,Colorful,GTX 1650 4GB,20000,19900,20100,-,-,150,0,0,90,85,0
GPU,ASRock,GTX 1650 4GB,20000,19900,20100,-,-,150,0,0,90,85,0
GPU,Palit,GTX 1650 4GB,20000,19900,20100,-,-,150,0,0,90,85,0
GPU,ASUS,Radeon RX 7900 XTX 24GB,20000,19900,20100,-,-,300,0,0,90,85,0
GPU,MSI,Radeon RX 7900 XTX 24GB,20000,19900,20100,-,-,300,0,0,90,85,0
GPU,Gigabyte,Radeon RX 7900 XTX 24GB,20000,19900,20100,-,-,300,0,0,90,85,0
GPU,Sapphire,Radeon RX 7900 XTX 24GB,20000,19900,20100,-,-,300,0,0,90,85,0
GPU,PowerColor,Radeon RX 7900 XTX 24GB,20000,19900,20100,-,-,300,0,0,90,85,0
GPU,XFX,Radeon RX 7900 XTX 24GB,20000,19900,20100,-,-,300,0,0,90,85,0
GPU,ASRock,Radeon RX 7900 XTX 24GB,20000,19900,20100,-,-,300,0,0,90,85,0
GPU,ASUS,Radeon RX 7900 XT 20GB,20000,19900,20100,-,-,300,0,0,90,85,0
GPU,MSI,Radeon RX 7900 XT 20GB,20000,19900,20100,-,-,300,0,0,90,85,0
GPU,Gigabyte,Radeon RX 7900 XT 20GB,20000,19900,20100,-,-,300,0,0,90,85,0
GPU,Sapphire,Radeon RX 7900 XT 20GB,20000,19900,20100,-,-,300,0,0,90,85,0
GPU,PowerColor,Radeon RX 7900 XT 20GB,20000,19900,20100,-,-,300,0,0,90,85,0
GPU,XFX,Radeon RX 7900 XT 20GB,20000,19900,20100,-,-,300,0,0,90,85,0
GPU,ASRock,Radeon RX 7900 XT 20GB,20000,19900,20100,-,-,300,0,0,90,85,0
GPU,ASUS,Radeon RX 7900 GRE 16GB,20000,21770,20100,-,-,300,0,0,90,85,0
GPU,MSI,Radeon RX 7900 GRE 16GB,20000,21770,20100,-,-,300,0,0,90,85,0
GPU,Gigabyte,Radeon RX 7900 GRE 16GB,20000,21770,20100,-,-,300,0,0,90,85,0
GPU,Sapphire,Radeon RX 7900 GRE 16GB,20000,19900,20100,-,-,300,0,0,90,85,0
GPU,PowerColor,Radeon RX 7900 GRE 16GB,20000,21770,20100,-,-,300,0,0,90,85,0
GPU,XFX,Radeon RX 7900 GRE 16GB,20000,21770,20100,-,-,300,0,0,90,85,0
GPU,ASRock,Radeon RX 7900 GRE 16GB,20000,19900,20100,-,-,300,0,0,90,85,0
GPU,ASUS,Radeon RX 7800 XT 16GB,14005,19900,20100,-,-,300,0,0,90,85,0
GPU,MSI,Radeon RX 7800 XT 16GB,20000,19900,20100,-,-,300,0,0,90,85,0
GPU,Gigabyte,Radeon RX 7800 XT 16GB,20000,19900,20100,-,-,300,0,0,90,85,0
GPU,Sapphire,Radeon RX 7800 XT 16GB,19990,19900,20100,-,-,300,0,0,90,85,0
GPU,PowerColor,Radeon RX 7800 XT 16GB,11528,19900,20100,-,-,300,0,0,90,85,0
GPU,XFX,Radeon RX 7800 XT 16GB,20000,19900,20100,-,-,300,0,0,90,85,0
GPU,ASRock,Radeon RX 7800 XT 16GB,20000,19900,20100,-,-,300,0,0,90,85,0
GPU,ASUS,Radeon RX 7700 XT 12GB,20000,19900,20100,-,-,200,0,0,90,85,0
GPU,MSI,Radeon RX 7700 XT 12GB,20000,19900,20100,-,-,200,0,0,90,85,0
GPU,Gigabyte,Radeon RX 7700 XT 12GB,16600,19900,20100,-,-,200,0,0,90,85,0
GPU,Sapphire,Radeon RX 7700 XT 12GB,16400,19900,20100,-,-,200,0,0,90,85,0
GPU,PowerColor,Radeon RX 7700 XT 12GB,20000,19900,20100,-,-,200,0,0,90,85,0
GPU,XFX,Radeon RX 7700 XT 12GB,20000,19900,20100,-,-,200,0,0,90,85,0
GPU,ASRock,Radeon RX 7700 XT 12GB,20000,19900,20100,-,-,200,0,0,90,85,0
GPU,ASUS,Radeon RX 7600 XT 16GB,20000,9800,20100,-,-,150,0,0,90,85,0
GPU,MSI,Radeon RX 7600 XT 16GB,20000,9800,20100,-,-,150,0,0,90,85,0
GPU,Gigabyte,Radeon RX 7600 XT 16GB,20000,9800,20100,-,-,150,0,0,90,85,0
GPU,Sapphire,Radeon RX 7600 XT 16GB,20000,9800,20100,-,-,150,0,0,90,85,0
GPU,PowerColor,Radeon RX 7600 XT 16GB,20000,19900,20100,-,-,150,0,0,90,85,0
GPU,XFX,Radeon RX 7600 XT 16GB,20000,9800,20100,-,-,150,0,0,90,85,0
GPU,ASRock,Radeon RX 7600 XT 16GB,20000,19900,20100,-,-,150,0,0,90,85,0
GPU,ASUS,Radeon RX 7600 8GB,11900,19900,8990,-,-,150,0,0,90,85,0
GPU,MSI,Radeon RX 7600 8GB,20000,8140,20100,-,-,150,0,0,90,85,0
GPU,Gigabyte,Radeon RX 7600 8GB,10950,8140,20100,-,-,150,0,0,90,85,0
GPU,Sapphire,Radeon RX 7600 8GB,26542,8140,20100,-,-,150,0,0,90,85,0
GPU,PowerColor,Radeon RX 7600 8GB,8990,8110,8190,-,-,150,0,0,90,85,0
GPU,XFX,Radeon RX 7600 8GB,20000,9800,20100,-,-,150,0,0,90,85,0
GPU,ASRock,Radeon RX 7600 8GB,20000,19900,8190,-,-,150,0,0,90,85,0
GPU,ASUS,Radeon RX 6950 XT 16GB,20000,19900,20100,-,-,150,0,0,90,85,0
GPU,MSI,Radeon RX 6950 XT 16GB,20000,19900,20100,-,-,150,0,0,90,85,0
GPU,Gigabyte,Radeon RX 6950 XT 16GB,20000,19900,20100,-,-,150,0,0,90,85,0
GPU,Sapphire,Radeon RX 6950 XT 16GB,20000,19900,20100,-,-,150,0,0,90,85,0
GPU,PowerColor,Radeon RX 6950 XT 16GB,20000,19900,20100,-,-,150,0,0,90,85,0
GPU,XFX,Radeon RX 6950 XT 16GB,20000,19900,20100,-,-,150,0,0,90,85,0
GPU,ASRock,Radeon RX 6950 XT 16GB,20000,19900,20100,-,-,150,0,0,90,85,0
GPU,ASUS,Radeon RX 6800 XT 16GB,20000,19900,20100,-,-,300,0,0,90,85,0
GPU,MSI,Radeon RX 6800 XT 16GB,20000,19900,20100,-,-,300,0,0,90,85,0
GPU,Gigabyte,Radeon RX 6800 XT 16GB,20000,19900,20100,-,-,300,0,0,90,85,0
GPU,Sapphire,Radeon RX 6800 XT 16GB,20000,19900,20100,-,-,300,0,0,90,85,0
GPU,PowerColor,Radeon RX 6800 XT 16GB,20000,19900,20100,-,-,300,0,0,90,85,0
GPU,XFX,Radeon RX 6800 XT 16GB,20000,19900,20100,-,-,300,0,0,90,85,0
GPU,ASRock,Radeon RX 6800 XT 16GB,20000,19900,20100,-,-,300,0,0,90,85,0
GPU,ASUS,Radeon RX 6750 XT 12GB,20000,19900,20100,-,-,150,0,0,90,85,0
GPU,MSI,Radeon RX 6750 XT 12GB,20000,19900,20100,-,-,150,0,0,90,85,0
GPU,Gigabyte,Radeon RX 6750 XT 12GB,20000,19900,20100,-,-,150,0,0,90,85,0
GPU,Sapphire,Radeon RX 6750 XT 12GB,20000,19900,20100,-,-,150,0,0,90,85,0
GPU,PowerColor,Radeon RX 6750 XT 12GB,20000,19900,20100,-,-,150,0,0,90,85,0
GPU,XFX,Radeon RX 6750 XT 12GB,20000,19900,20100,-,-,150,0,0,90,85,0
GPU,ASRock,Radeon RX 6750 XT 12GB,20000,19900,20100,-,-,150,0,0,90,85,0
GPU,ASUS,Radeon RX 6700 XT 12GB,20000,19900,20100,-,-,200,0,0,90,85,0
GPU,MSI,Radeon RX 6700 XT 12GB,20000,19900,20100,-,-,200,0,0,90,85,0
GPU,Gigabyte,Radeon RX 6700 XT 12GB,20000,19900,20100,-,-,200,0,0,90,85,0
GPU,Sapphire,Radeon RX 6700 XT 12GB,20000,19900,20100,-,-,200,0,0,90,85,0
GPU,PowerColor,Radeon RX 6700 XT 12GB,20000,19900,20100,-,-,200,0,0,90,85,0
GPU,XFX,Radeon RX 6700 XT 12GB,20000,19900,20100,-,-,200,0,0,90,85,0
GPU,ASRock,Radeon RX 6700 XT 12GB,20000,19900,20100,-,-,200,0,0,90,85,0
GPU,ASUS,Radeon RX 6600 XT 8GB,20000,19900,20100,-,-,150,0,0,90,85,0
GPU,MSI,Radeon RX 6600 XT 8GB,20000,19900,20100,-,-,150,0,0,90,85,0
GPU,Gigabyte,Radeon RX 6600 XT 8GB,20000,19900,20100,-,-,150,0,0,90,85,0
GPU,Sapphire,Radeon RX 6600 XT 8GB,20000,19900,20100,-,-,150,0,0,90,85,0
GPU,PowerColor,Radeon RX 6600 XT 8GB,20000,19900,20100,-,-,150,0,0,90,85,0
GPU,XFX,Radeon RX 6600 XT 8GB,20000,19900,20100,-,-,150,0,0,90,85,0
GPU,ASRock,Radeon RX 6600 XT 8GB,20000,19900,20100,-,-,150,0,0,90,85,0
GPU,ASUS,Radeon RX 6600 8GB,20000,19900,20100,-,-,150,0,0,90,85,0
GPU,MSI,Radeon RX 6600 8GB,20000,19900,20100,-,-,150,0,0,90,85,0
GPU,Gigabyte,Radeon RX 6600 8GB,20000,19900,20100,-,-,150,0,0,90,85,0
GPU,Sapphire,Radeon RX 6600 8GB,20000,19900,20100,-,-,150,0,0,90,85,0
GPU,PowerColor,Radeon RX 6600 8GB,28902,19900,20100,-,-,150,0,0,90,85,0
GPU,XFX,Radeon RX 6600 8GB,20000,19900,20100,-,-,150,0,0,90,85,0
GPU,ASRock,Radeon RX 6600 8GB,20000,19900,20100,-,-,150,0,0,90,85,0
GPU,ASUS,Radeon RX 6500 XT 4GB,20000,19900,20100,-,-,150,0,0,90,85,0
GPU,MSI,Radeon RX 6500 XT 4GB,20000,19900,20100,-,-,150,0,0,90,85,0
GPU,Gigabyte,Radeon RX 6500 XT 4GB,27319,19900,20100,-,-,150,0,0,90,85,0
GPU,Sapphire,Radeon RX 6500 XT 4GB,20000,19900,20100,-,-,150,0,0,90,85,0
GPU,PowerColor,Radeon RX 6500 XT 4GB,20000,19900,20100,-,-,150,0,0,90,85,0
GPU,XFX,Radeon RX 6500 XT 4GB,20000,19900,20100,-,-,150,0,0,90,85,0
GPU,ASRock,Radeon RX 6500 XT 4GB,20000,19900,20100,-,-,150,0,0,90,85,0
GPU,ASUS,Arc A770 16GB,20000,12400,20100,-,-,200,0,0,90,85,0
GPU,MSI,Arc A770 16GB,20000,12400,20100,-,-,200,0,0,90,85,0
GPU,Gigabyte,Arc A770 16GB,20000,19900,20100,-,-,200,0,0,90,85,0
GPU,Zotac,Arc A770 16GB,20000,19900,20100,-,-,200,0,0,90,85,0
GPU,Galax,Arc A770 16GB,20000,19900,20100,-,-,200,0,0,90,85,0
GPU,Inno3D,Arc A770 16GB,20000,12400,20100,-,-,200,0,0,90,85,0
GPU,Colorful,Arc A770 16GB,20000,19900,20100,-,-,200,0,0,90,85,0
GPU,Sapphire,Arc A770 16GB,20000,19900,20100,-,-,200,0,0,90,85,0
GPU,PowerColor,Arc A770 16GB,20000,19900,20100,-,-,200,0,0,90,85,0
GPU,XFX,Arc A770 16GB,20000,19900,20100,-,-,200,0,0,90,85,0
GPU,ASRock,Arc A770 16GB,20000,19900,20100,-,-,200,0,0,90,85,0
GPU,Palit,Arc A770 16GB,20000,12400,20100,-,-,200,0,0,90,85,0
GPU,ASUS,Arc A750 8GB,20000,19900,20100,-,-,150,0,0,90,85,0
GPU,MSI,Arc A750 8GB,20000,19900,20100,-,-,150,0,0,90,85,0
GPU,Gigabyte,Arc A750 8GB,20000,19900,20100,-,-,150,0,0,90,85,0
GPU,Zotac,Arc A750 8GB,20000,19900,20100,-,-,150,0,0,90,85,0
GPU,Galax,Arc A750 8GB,20000,19900,20100,-,-,150,0,0,90,85,0
GPU,Inno3D,Arc A750 8GB,20000,19900,20100,-,-,150,0,0,90,85,0
GPU,Colorful,Arc A750 8GB,20000,19900,20100,-,-,150,0,0,90,85,0
GPU,Sapphire,Arc A750 8GB,20000,19900,20100,-,-,150,0,0,90,85,0
GPU,PowerColor,Arc A750 8GB,20000,19900,20100,-,-,150,0,0,90,85,0
GPU,XFX,Arc A750 8GB,20000,19900,20100,-,-,150,0,0,90,85,0
GPU,ASRock,Arc A750 8GB,20000,19900,20100,-,-,150,0,0,90,85,0
GPU,Palit,Arc A750 8GB,20000,19900,20100,-,-,150,0,0,90,85,0
GPU,ASUS,Arc A580 8GB,20000,19900,20100,-,-,300,0,0,90,85,0
GPU,MSI,Arc A580 8GB,20000,19900,20100,-,-,300,0,0,90,85,0
GPU,Gigabyte,Arc A580 8GB,20000,19900,20100,-,-,300,0,0,90,85,0
GPU,Zotac,Arc A580 8GB,20000,19900,20100,-,-,300,0,0,90,85,0
GPU,Galax,Arc A580 8GB,20000,19900,20100,-,-,300,0,0,90,85,0
GPU,Inno3D,Arc A580 8GB,20000,19900,20100,-,-,300,0,0,90,85,0
GPU,Colorful,Arc A580 8GB,20000,19900,20100,-,-,300,0,0,90,85,0
GPU,Sapphire,Arc A580 8GB,20000,19900,20100,-,-,300,0,0,90,85,0
GPU,PowerColor,Arc A580 8GB,20000,19900,20100,-,-,300,0,0,90,85,0
GPU,XFX,Arc A580 8GB,20000,19900,20100,-,-,300,0,0,90,85,0
GPU,ASRock,Arc A580 8GB,20000,19900,20100,-,-,300,0,0,90,85,0
GPU,Palit,Arc A580 8GB,20000,19900,20100,-,-,300,0,0,90,85,0
GPU,ASUS,Arc A380 6GB,20000,19900,20100,-,-,300,0,0,90,85,0
GPU,MSI,Arc A380 6GB,20000,19900,20100,-,-,300,0,0,90,85,0
GPU,Gigabyte,Arc A380 6GB,20000,19900,20100,-,-,300,0,0,90,85,0
GPU,Zotac,Arc A380 6GB,20000,19900,20100,-,-,300,0,0,90,85,0
GPU,Galax,Arc A380 6GB,20000,19900,20100,-,-,300,0,0,90,85,0
GPU,Inno3D,Arc A380 6GB,20000,19900,20100,-,-,300,0,0,90,85,0
GPU,Colorful,Arc A380 6GB,20000,19900,20100,-,-,300,0,0,90,85,0
GPU,Sapphire,Arc A380 6GB,20000,19900,20100,-,-,300,0,0,90,85,0
GPU,PowerColor,Arc A380 6GB,20000,19900,20100,-,-,300,0,0,90,85,0
GPU,XFX,Arc A380 6GB,20000,19900,20100,-,-,300,0,0,90,85,0
GPU,ASRock,Arc A380 6GB,20000,19900,20100,-,-,300,0,0,90,85,0
GPU,Palit,Arc A380 6GB,20000,19900,20100,-,-,300,0,0,90,85,0
Mainboard,ASUS,Z890 DDR5 WIFI,7690,4900,5100,LGA1851,DDR5,0,0,0,0,0,3
Mainboard,ASUS,Z890M DDR5 WIFI,5000,4900,5100,LGA1851,DDR5,0,0,0,0,0,2
Mainboard,ASUS,Z890I DDR5 WIFI,5000,4900,5100,LGA1851,DDR5,0,0,0,0,0,1
Mainboard,ASUS,B860 DDR5 WIFI,4890,4190,5100,LGA1851,DDR5,0,0,0,0,0,3
Mainboard,ASUS,B860M DDR5 WIFI,4890,4900,5100,LGA1851,DDR5,0,0,0,0,0,2
Mainboard,ASUS,B860I DDR5 WIFI,5000,4900,5100,LGA1851,DDR5,0,0,0,0,0,1
Mainboard,ASUS,H810 DDR5,3150,2390,5100,LGA1851,DDR5,0,0,0,0,0,3
Mainboard,ASUS,H810M DDR5,3150,2390,5100,LGA1851,DDR5,0,0,0,0,0,2
Mainboard,ASUS,H810I DDR5,5000,4900,5100,LGA1851,DDR5,0,0,0,0,0,1
Mainboard,ASUS,Z790 DDR4 WIFI,5000,4900,5100,LGA1700,DDR4,0,0,0,0,0,3
Mainboard,ASUS,Z790 DDR5 WIFI,5000,4900,5100,LGA1700,DDR5,0,0,0,0,0,3
Mainboard,ASUS,Z790M DDR4 WIFI,5000,4900,5100,LGA1700,DDR4,0,0,0,0,0,2
Mainboard,ASUS,Z790M DDR5 WIFI,5000,4900,5100,LGA1700,DDR5,0,0,0,0,0,2
Mainboard,ASUS,Z790I DDR4 WIFI,5000,4900,5100,LGA1700,DDR4,0,0,0,0,0,1
Mainboard,ASUS,Z790I DDR5 WIFI,5000,4900,5100,LGA1700,DDR5,0,0,0,0,0,1
Mainboard,ASUS,B760 DDR4 WIFI,2550,4190,5100,LGA1700,DDR4,0,0,0,0,0,3
Mainboard,ASUS,B760 DDR5 WIFI,4090,4190,5100,LGA1700,DDR5,0,0,0,0,0,3
Mainboard,ASUS,B760M DDR4 WIFI,2550,2900,5100,LGA1700,DDR4,0,0,0,0,0,2
Mainboard,ASUS,B760M DDR5 WIFI,4090,2900,5100,LGA1700,DDR5,0,0,0,0,0,2
Mainboard,ASUS,B760I DDR4 WIFI,5000,4900,5100,LGA1700,DDR4,0,0,0,0,0,1
Mainboard,ASUS,B760I DDR5 WIFI,5000,4900,5100,LGA1700,DDR5,0,0,0,0,0,1
Mainboard,ASUS,H610 DDR4,5000,4900,2090,LGA1700,DDR4,0,0,0,0,0,3
Mainboard,ASUS,H610M DDR4,5000,4900,2090,LGA1700,DDR4,0,0,0,0,0,2
Mainboard,ASUS,H610I DDR4,5000,4900,5100,LGA1700,DDR4,0,0,0,0,0,1
Mainboard,ASUS,X870E DDR5 WIFI,7860,4900,5100,AM5,DDR5,0,0,0,0,0,3
Mainboard,ASUS,X870EM DDR5 WIFI,5000,4900,5100,AM5,DDR5,0,0,0,0,0,2
Mainboard,ASUS,X870EI DDR5 WIFI,5000,4900,5100,AM5,DDR5,0,0,0,0,0,1
Mainboard,ASUS,X870 DDR5 WIFI,7690,4190,5100,AM5,DDR5,0,0,0,0,0,3
Mainboard,ASUS,X870M DDR5 WIFI,5000,4900,5100,AM5,DDR5,0,0,0,0,0,2
Mainboard,ASUS,X870I DDR5 WIFI,5000,4900,5100,AM5,DDR5,0,0,0,0,0,1
Mainboard,ASUS,B650E DDR5 WIFI,5000,4900,5100,AM5,DDR5,0,0,0,0,0,3
Mainboard,ASUS,B650EM DDR5 WIFI,5000,4900,5100,AM5,DDR5,0,0,0,0,0,2
Mainboard,ASUS,B650EI DDR5 WIFI,5000,4900,5100,AM5,DDR5,0,0,0,0,0,1
Mainboard,ASUS,B650 DDR5 WIFI,3260,4190,5100,AM5,DDR5,0,0,0,0,0,3
Mainboard,ASUS,B650M DDR5 WIFI,3260,2490,5100,AM5,DDR5,0,0,0,0,0,2
Mainboard,ASUS,B650I DDR5 WIFI,5000,4900,5100,AM5,DDR5,0,0,0,0,0,1
Mainboard,ASUS,A620 DDR5,2490,4190,5100,AM5,DDR5,0,0,0,0,0,3
Mainboard,ASUS,A620M DDR5,2490,2290,5100,AM5,DDR5,0,0,0,0,0,2
Mainboard,ASUS,A620I DDR5,5000,4900,5100,AM5,DDR5,0,0,0,0,0,1
Mainboard,ASUS,X570 DDR4 WIFI,5000,4900,5100,AM4,DDR4,0,0,0,0,0,3
Mainboard,ASUS,X570M DDR4 WIFI,5000,4900,5100,AM4,DDR4,0,0,0,0,0,2
Mainboard,ASUS,X570I DDR4 WIFI,5000,4900,5100,AM4,DDR4,0,0,0,0,0,1
Mainboard,ASUS,B550 DDR4 WIFI,2490,4900,5100,AM4,DDR4,0,0,0,0,0,3
Mainboard,ASUS,B550M DDR4 WIFI,2490,4900,5100,AM4,DDR4,0,0,0,0,0,2
Mainboard,ASUS,B550I DDR4 WIFI,5000,4900,5100,AM4,DDR4,0,0,0,0,0,1
Mainboard,ASUS,A520 DDR4,5000,4900,5100,AM4,DDR4,0,0,0,0,0,3
Mainboard,ASUS,A520M DDR4,5000,4900,5100,AM4,DDR4,0,0,0,0,0,2
Mainboard,ASUS,A520I DDR4,5000,4900,5100,AM4,DDR4,0,0,0,0,0,1
Mainboard,Gigabyte,Z890 DDR5 WIFI,6990,4900,5100,LGA1851,DDR5,0,0,0,0,0,3
Mainboard,Gigabyte,Z890M DDR5 WIFI,5000,4900,5100,LGA1851,DDR5,0,0,0,0,0,2
Mainboard,Gigabyte,Z890I DDR5 WIFI,5000,4900,5100,LGA1851,DDR5,0,0,0,0,0,1
Mainboard,Gigabyte,B860 DDR5 WIFI,3690,4110,5100,LGA1851,DDR5,0,0,0,0,0,3
Mainboard,Gigabyte,B860M DDR5 WIFI,3690,4940,5100,LGA1851,DDR5,0,0,0,0,0,2
Mainboard,Gigabyte,B860I DDR5 WIFI,3417,4900,5100,LGA1851,DDR5,0,0,0,0,0,1
Mainboard,Gigabyte,H810 DDR5,2440,2390,5100,LGA1851,DDR5,0,0,0,0,0,3
Mainboard,Gigabyte,H810M DDR5,2440,2390,5100,LGA1851,DDR5,0,0,0,0,0,2
Mainboard,Gigabyte,H810I DDR5,5000,4900,5100,LGA1851,DDR5,0,0,0,0,0,1
Mainboard,Gigabyte,Z790 DDR4 WIFI,5000,4900,5100,LGA1700,DDR4,0,0,0,0,0,3
Mainboard,Gigabyte,Z790 DDR5 WIFI,6790,4900,5100,LGA1700,DDR5,0,0,0,0,0,3
Mainboard,Gigabyte,Z790M DDR4 WIFI,5000,4900,5100,LGA1700,DDR4,0,0,0,0,0,2
Mainboard,Gigabyte,Z790M DDR5 WIFI,5000,4900,5100,LGA1700,DDR5,0,0,0,0,0,2
Mainboard,Gigabyte,Z790I DDR4 WIFI,5000,4900,5100,LGA1700,DDR4,0,0,0,0,0,1
Mainboard,Gigabyte,Z790I DDR5 WIFI,5000,4900,5100,LGA1700,DDR5,0,0,0,0,0,1
Mainboard,Gigabyte,B760 DDR4 WIFI,2690,2610,5100,LGA1700,DDR4,0,0,0,0,0,3
Mainboard,Gigabyte,B760 DDR5 WIFI,3290,4110,2790,LGA1700,DDR5,0,0,0,0,0,3
Mainboard,Gigabyte,B760M DDR4 WIFI,2690,4900,5100,LGA1700,DDR4,0,0,0,0,0,2
Mainboard,Gigabyte,B760M DDR5 WIFI,3290,2760,2790,LGA1700,DDR5,0,0,0,0,0,2
Mainboard,Gigabyte,B760I DDR4 WIFI,5000,4900,5100,LGA1700,DDR4,0,0,0,0,0,1
Mainboard,Gigabyte,B760I DDR5 WIFI,5000,4900,5100,LGA1700,DDR5,0,0,0,0,0,1
Mainboard,Gigabyte,H610 DDR4,2190,2130,5100,LGA1700,DDR4,0,0,0,0,0,3
Mainboard,Gigabyte,H610M DDR4,2190,2130,5100,LGA1700,DDR4,0,0,0,0,0,2
Mainboard,Gigabyte,H610I DDR4,5000,4900,5100,LGA1700,DDR4,0,0,0,0,0,1
Mainboard,Gigabyte,X870E DDR5 WIFI,3085,4900,5100,AM5,DDR5,0,0,0,0,0,3
Mainboard,Gigabyte,X870EM DDR5 WIFI,5000,4900,5100,AM5,DDR5,0,0,0,0,0,2
Mainboard,Gigabyte,X870EI DDR5 WIFI,5000,4900,5100,AM5,DDR5,0,0,0,0,0,1
Mainboard,Gigabyte,X870 DDR5 WIFI,6990,4900,5100,AM5,DDR5,0,0,0,0,0,3
Mainboard,Gigabyte,X870M DDR5 WIFI,5000,4900,5100,AM5,DDR5,0,0,0,0,0,2
Mainboard,Gigabyte,X870I DDR5 WIFI,6122,4900,5100,AM5,DDR5,0,0,0,0,0,1
Mainboard,Gigabyte,B650E DDR5 WIFI,5000,4900,5100,AM5,DDR5,0,0,0,0,0,3
Mainboard,Gigabyte,B650EM DDR5 WIFI,5000,4900,5100,AM5,DDR5,0,0,0,0,0,2
Mainboard,Gigabyte,B650EI DDR5 WIFI,5000,4900,5100,AM5,DDR5,0,0,0,0,0,1
Mainboard,Gigabyte,B650 DDR5 WIFI,3350,6830,5100,AM5,DDR5,0,0,0,0,0,3
Mainboard,Gigabyte,B650M DDR5 WIFI,3350,2740,5100,AM5,DDR5,0,0,0,0,0,2
Mainboard,Gigabyte,B650I DDR5 WIFI,5000,2740,5100,AM5,DDR5,0,0,0,0,0,1
Mainboard,Gigabyte,A620 DDR5,2490,4900,5100,AM5,DDR5,0,0,0,0,0,3
Mainboard,Gigabyte,A620M DDR5,2490,4900,5100,AM5,DDR5,0,0,0,0,0,2
Mainboard,Gigabyte,A620I DDR5,5000,4900,5100,AM5,DDR5,0,0,0,0,0,1
Mainboard,Gigabyte,X570 DDR4 WIFI,5000,4900,5100,AM4,DDR4,0,0,0,0,0,3
Mainboard,Gigabyte,X570M DDR4 WIFI,5000,4900,5100,AM4,DDR4,0,0,0,0,0,2
Mainboard,Gigabyte,X570I DDR4 WIFI,5000,4900,5100,AM4,DDR4,0,0,0,0,0,1
Mainboard,Gigabyte,B550 DDR4 WIFI,2450,3320,5100,AM4,DDR4,0,0,0,0,0,3
Mainboard,Gigabyte,B550M DDR4 WIFI,2450,2450,5100,AM4,DDR4,0,0,0,0,0,2
Mainboard,Gigabyte,B550I DDR4 WIFI,5000,4900,5100,AM4,DDR4,0,0,0,0,0,1
Mainboard,Gigabyte,A520 DDR4,5000,4900,5100,AM4,DDR4,0,0,0,0,0,3
Mainboard,Gigabyte,A520M DDR4,5000,4900,5100,AM4,DDR4,0,0,0,0,0,2
Mainboard,Gigabyte,A520I DDR4,5000,4900,5100,AM4,DDR4,0,0,0,0,0,1
Mainboard,MSI,Z890 DDR5 WIFI,7990,6920,5100,LGA1851,DDR5,0,0,0,0,0,3
Mainboard,MSI,Z890M DDR5 WIFI,5000,4900,5100,LGA1851,DDR5,0,0,0,0,0,2
Mainboard,MSI,Z890I DDR5 WIFI,7153,4900,5100,LGA1851,DDR5,0,0,0,0,0,1
Mainboard,MSI,B860 DDR5 WIFI,3990,4010,5100,LGA1851,DDR5,0,0,0,0,0,3
Mainboard,MSI,B860M DDR5 WIFI,2562,3260,5100,LGA1851,DDR5,0,0,0,0,0,2
Mainboard,MSI,B860I DDR5 WIFI,5000,4900,5100,LGA1851,DDR5,0,0,0,0,0,1
Mainboard,MSI,H810 DDR5,2390,2860,5100,LGA1851,DDR5,0,0,0,0,0,3
Mainboard,MSI,H810M DDR5,2390,2630,5100,LGA1851,DDR5,0,0,0,0,0,2
Mainboard,MSI,H810I DDR5,4190,4900,5100,LGA1851,DDR5,0,0,0,0,0,1
Mainboard,MSI,Z790 DDR4 WIFI,5000,4900,5100,LGA1700,DDR4,0,0,0,0,0,3
Mainboard,MSI,Z790 DDR5 WIFI,6590,4900,5100,LGA1700,DDR5,0,0,0,0,0,3
Mainboard,MSI,Z790M DDR4 WIFI,5000,4900,5100,LGA1700,DDR4,0,0,0,0,0,2
Mainboard,MSI,Z790M DDR5 WIFI,5000,4900,5100,LGA1700,DDR5,0,0,0,0,0,2
Mainboard,MSI,Z790I DDR4 WIFI,5000,4900,5100,LGA1700,DDR4,0,0,0,0,0,1
Mainboard,MSI,Z790I DDR5 WIFI,5000,4900,5100,LGA1700,DDR5,0,0,0,0,0,1
Mainboard,MSI,B760 DDR4 WIFI,5000,2400,5100,LGA1700,DDR4,0,0,0,0,0,3
Mainboard,MSI,B760 DDR5 WIFI,2390,4010,2400,LGA1700,DDR5,0,0,0,0,0,3
Mainboard,MSI,B760M DDR4 WIFI,5000,2400,5100,LGA1700,DDR4,0,0,0,0,0,2
Mainboard,MSI,B760M DDR5 WIFI,2390,2330,2400,LGA1700,DDR5,0,0,0,0,0,2
Mainboard,MSI,B760I DDR4 WIFI,5000,4900,5100,LGA1700,DDR4,0,0,0,0,0,1
Mainboard,MSI,B760I DDR5 WIFI,5000,4900,5100,LGA1700,DDR5,0,0,0,0,0,1
Mainboard,MSI,H610 DDR4,5000,4900,5100,LGA1700,DDR4,0,0,0,0,0,3
Mainboard,MSI,H610M DDR4,5000,2130,5100,LGA1700,DDR4,0,0,0,0,0,2
Mainboard,MSI,H610I DDR4,5000,4900,5100,LGA1700,DDR4,0,0,0,0,0,1
Mainboard,MSI,X870E DDR5 WIFI,7649,4900,5100,AM5,DDR5,0,0,0,0,0,3
Mainboard,MSI,X870EM DDR5 WIFI,5000,4900,5100,AM5,DDR5,0,0,0,0,0,2
Mainboard,MSI,X870EI DDR5 WIFI,5000,4900,5100,AM5,DDR5,0,0,0,0,0,1
Mainboard,MSI,X870 DDR5 WIFI,7890,4010,5100,AM5,DDR5,0,0,0,0,0,3
Mainboard,MSI,X870M DDR5 WIFI,5000,4900,5100,AM5,DDR5,0,0,0,0,0,2
Mainboard,MSI,X870I DDR5 WIFI,5000,4900,5100,AM5,DDR5,0,0,0,0,0,1
Mainboard,MSI,B650E DDR5 WIFI,5000,4900,5100,AM5,DDR5,0,0,0,0,0,3
Mainboard,MSI,B650EM DDR5 WIFI,5000,4900,5100,AM5,DDR5,0,0,0,0,0,2
Mainboard,MSI,B650EI DDR5 WIFI,5000,4900,5100,AM5,DDR5,0,0,0,0,0,1
Mainboard,MSI,B650 DDR5 WIFI,3290,3690,5100,AM5,DDR5,0,0,0,0,0,3
Mainboard,MSI,B650M DDR5 WIFI,3290,2190,5100,AM5,DDR5,0,0,0,0,0,2
Mainboard,MSI,B650I DDR5 WIFI,5000,4900,5100,AM5,DDR5,0,0,0,0,0,1
Mainboard,MSI,A620 DDR5,5000,4010,5100,AM5,DDR5,0,0,0,0,0,3
Mainboard,MSI,A620M DDR5,5000,4900,5100,AM5,DDR5,0,0,0,0,0,2
Mainboard,MSI,A620I DDR5,5000,4900,5100,AM5,DDR5,0,0,0,0,0,1
Mainboard,MSI,X570 DDR4 WIFI,5000,4900,5100,AM4,DDR4,0,0,0,0,0,3
Mainboard,MSI,X570M DDR4 WIFI,5000,4900,5100,AM4,DDR4,0,0,0,0,0,2
Mainboard,MSI,X570I DDR4 WIFI,5000,4900,5100,AM4,DDR4,0,0,0,0,0,1
Mainboard,MSI,B550 DDR4 WIFI,3090,3060,5100,AM4,DDR4,0,0,0,0,0,3
Mainboard,MSI,B550M DDR4 WIFI,3090,2420,5100,AM4,DDR4,0,0,0,0,0,2
Mainboard,MSI,B550I DDR4 WIFI,5000,4900,5100,AM4,DDR4,0,0,0,0,0,1
Mainboard,MSI,A520 DDR4,5000,4900,5100,AM4,DDR4,0,0,0,0,0,3
Mainboard,MSI,A520M DDR4,5000,4900,5100,AM4,DDR4,0,0,0,0,0,2
Mainboard,MSI,A520I DDR4,5000,4900,5100,AM4,DDR4,0,0,0,0,0,1
Mainboard,ASRock,Z890 DDR5 WIFI,6782,6920,5100,LGA1851,DDR5,0,0,0,0,0,3
Mainboard,ASRock,Z890M DDR5 WIFI,5000,4900,5100,LGA1851,DDR5,0,0,0,0,0,2
Mainboard,ASRock,Z890I DDR5 WIFI,5287,4900,5100,LGA1851,DDR5,0,0,0,0,0,1
Mainboard,ASRock,B860 DDR5 WIFI,4990,3910,5100,LGA1851,DDR5,0,0,0,0,0,3
Mainboard,ASRock,B860M DDR5 WIFI,4150,3850,5100,LGA1851,DDR5,0,0,0,0,0,2
Mainboard,ASRock,B860I DDR5 WIFI,6392,4900,5100,LGA1851,DDR5,0,0,0,0,0,1
Mainboard,ASRock,H810 DDR5,3190,2390,5100,LGA1851,DDR5,0,0,0,0,0,3
Mainboard,ASRock,H810M DDR5,3190,2390,5100,LGA1851,DDR5,0,0,0,0,0,2
Mainboard,ASRock,H810I DDR5,5000,4900,5100,LGA1851,DDR5,0,0,0,0,0,1
Mainboard,ASRock,Z790 DDR4 WIFI,5000,4900,5100,LGA1700,DDR4,0,0,0,0,0,3
Mainboard,ASRock,Z790 DDR5 WIFI,6990,4900,5100,LGA1700,DDR5,0,0,0,0,0,3
Mainboard,ASRock,Z790M DDR4 WIFI,5000,4900,5100,LGA1700,DDR4,0,0,0,0,0,2
Mainboard,ASRock,Z790M DDR5 WIFI,5000,4900,5100,LGA1700,DDR5,0,0,0,0,0,2
Mainboard,ASRock,Z790I DDR4 WIFI,5000,4900,5100,LGA1700,DDR4,0,0,0,0,0,1
Mainboard,ASRock,Z790I DDR5 WIFI,5000,4900,5100,LGA1700,DDR5,0,0,0,0,0,1
Mainboard,ASRock,B760 DDR4 WIFI,2650,3670,5100,LGA1700,DDR4,0,0,0,0,0,3
Mainboard,ASRock,B760 DDR5 WIFI,2690,3670,2690,LGA1700,DDR5,0,0,0,0,0,3
Mainboard,ASRock,B760M DDR4 WIFI,2650,3670,5100,LGA1700,DDR4,0,0,0,0,0,2
Mainboard,ASRock,B760M DDR5 WIFI,2690,3670,2690,LGA1700,DDR5,0,0,0,0,0,2
Mainboard,ASRock,B760I DDR4 WIFI,5000,4900,5100,LGA1700,DDR4,0,0,0,0,0,1
Mainboard,ASRock,B760I DDR5 WIFI,5000,4900,5100,LGA1700,DDR5,0,0,0,0,0,1
Mainboard,ASRock,H610 DDR4,2140,4900,5100,LGA1700,DDR4,0,0,0,0,0,3
Mainboard,ASRock,H610M DDR4,2140,2390,5100,LGA1700,DDR4,0,0,0,0,0,2
Mainboard,ASRock,H610I DDR4,5000,4900,5100,LGA1700,DDR4,0,0,0,0,0,1
Mainboard,ASRock,X870E DDR5 WIFI,5000,4900,5100,AM5,DDR5,0,0,0,0,0,3
Mainboard,ASRock,X870EM DDR5 WIFI,5000,4900,5100,AM5,DDR5,0,0,0,0,0,2
Mainboard,ASRock,X870EI DDR5 WIFI,5000,4900,5100,AM5,DDR5,0,0,0,0,0,1
Mainboard,ASRock,X870 DDR5 WIFI,7590,6920,5100,AM5,DDR5,0,0,0,0,0,3
Mainboard,ASRock,X870M DDR5 WIFI,5000,4900,5100,AM5,DDR5,0,0,0,0,0,2
Mainboard,ASRock,X870I DDR5 WIFI,5000,4900,5100,AM5,DDR5,0,0,0,0,0,1
Mainboard,ASRock,B650E DDR5 WIFI,5000,4900,5100,AM5,DDR5,0,0,0,0,0,3
Mainboard,ASRock,B650EM DDR5 WIFI,5000,4900,5100,AM5,DDR5,0,0,0,0,0,2
Mainboard,ASRock,B650EI DDR5 WIFI,5000,4900,5100,AM5,DDR5,0,0,0,0,0,1
Mainboard,ASRock,B650 DDR5 WIFI,3690,4900,5100,AM5,DDR5,0,0,0,0,0,3
Mainboard,ASRock,B650M DDR5 WIFI,3690,3650,5100,AM5,DDR5,0,0,0,0,0,2
Mainboard,ASRock,B650I DDR5 WIFI,7520,4900,5100,AM5,DDR5,0,0,0,0,0,1
Mainboard,ASRock,A620 DDR5,3490,2330,5100,AM5,DDR5,0,0,0,0,0,3
Mainboard,ASRock,A620M DDR5,3490,4900,5100,AM5,DDR5,0,0,0,0,0,2
Mainboard,ASRock,A620I DDR5,5000,4900,5100,AM5,DDR5,0,0,0,0,0,1
Mainboard,ASRock,X570 DDR4 WIFI,5000,4900,5100,AM4,DDR4,0,0,0,0,0,3
Mainboard,ASRock,X570M DDR4 WIFI,5000,4900,5100,AM4,DDR4,0,0,0,0,0,2
Mainboard,ASRock,X570I DDR4 WIFI,5000,4900,5100,AM4,DDR4,0,0,0,0,0,1
Mainboard,ASRock,B550 DDR4 WIFI,2490,3560,5100,AM4,DDR4,0,0,0,0,0,3
Mainboard,ASRock,B550M DDR4 WIFI,2490,3560,5100,AM4,DDR4,0,0,0,0,0,2
Mainboard,ASRock,B550I DDR4 WIFI,5000,4900,5100,AM4,DDR4,0,0,0,0,0,1
Mainboard,ASRock,A520 DDR4,5000,4900,5100,AM4,DDR4,0,0,0,0,0,3
Mainboard,ASRock,A520M DDR4,5000,4900,5100,AM4,DDR4,0,0,0,0,0,2
Mainboard,ASRock,A520I DDR4,5000,4900,5100,AM4,DDR4,0,0,0,0,0,1
Mainboard,Biostar,Z890 DDR5 WIFI,5000,4900,5100,LGA1851,DDR5,0,0,0,0,0,3
Mainboard,Biostar,Z890M DDR5 WIFI,5000,4900,5100,LGA1851,DDR5,0,0,0,0,0,2
Mainboard,Biostar,Z890I DDR5 WIFI,5000,4900,5100,LGA1851,DDR5,0,0,0,0,0,1
Mainboard,Biostar,B860 DDR5 WIFI,5000,4900,5100,LGA1851,DDR5,0,0,0,0,0,3
Mainboard,Biostar,B860M DDR5 WIFI,5000,4900,5100,LGA1851,DDR5,0,0,0,0,0,2
Mainboard,Biostar,B860I DDR5 WIFI,5000,4900,5100,LGA1851,DDR5,0,0,0,0,0,1
Mainboard,Biostar,H810 DDR5,5000,4900,5100,LGA1851,DDR5,0,0,0,0,0,3
Mainboard,Biostar,H810M DDR5,5000,4900,5100,LGA1851,DDR5,0,0,0,0,0,2
Mainboard,Biostar,H810I DDR5,5000,4900,5100,LGA1851,DDR5,0,0,0,0,0,1
Mainboard,Biostar,Z790 DDR4 WIFI,5000,4900,5100,LGA1700,DDR4,0,0,0,0,0,3
Mainboard,Biostar,Z790 DDR5 WIFI,5000,4900,5100,LGA1700,DDR5,0,0,0,0,0,3
Mainboard,Biostar,Z790M DDR4 WIFI,5000,4900,5100,LGA1700,DDR4,0,0,0,0,0,2
Mainboard,Biostar,Z790M DDR5 WIFI,5000,4900,5100,LGA1700,DDR5,0,0,0,0,0,2
Mainboard,Biostar,Z790I DDR4 WIFI,5000,4900,5100,LGA1700,DDR4,0,0,0,0,0,1
Mainboard,Biostar,Z790I DDR5 WIFI,5000,4900,5100,LGA1700,DDR5,0,0,0,0,0,1
Mainboard,Biostar,B760 DDR4 WIFI,5000,4900,5100,LGA1700,DDR4,0,0,0,0,0,3
Mainboard,Biostar,B760 DDR5 WIFI,5000,4900,5100,LGA1700,DDR5,0,0,0,0,0,3
Mainboard,Biostar,B760M DDR4 WIFI,5000,4900,5100,LGA1700,DDR4,0,0,0,0,0,2
Mainboard,Biostar,B760M DDR5 WIFI,5000,4900,5100,LGA1700,DDR5,0,0,0,0,0,2
Mainboard,Biostar,B760I DDR4 WIFI,5000,4900,5100,LGA1700,DDR4,0,0,0,0,0,1
Mainboard,Biostar,B760I DDR5 WIFI,5000,4900,5100,LGA1700,DDR5,0,0,0,0,0,1
Mainboard,Biostar,H610 DDR4,5000,4900,5100,LGA1700,DDR4,0,0,0,0,0,3
Mainboard,Biostar,H610M DDR4,5000,4900,5100,LGA1700,DDR4,0,0,0,0,0,2
Mainboard,Biostar,H610I DDR4,5000,4900,5100,LGA1700,DDR4,0,0,0,0,0,1
Mainboard,Biostar,X870E DDR5 WIFI,5000,4900,5100,AM5,DDR5,0,0,0,0,0,3
Mainboard,Biostar,X870EM DDR5 WIFI,5000,4900,5100,AM5,DDR5,0,0,0,0,0,2
Mainboard,Biostar,X870EI DDR5 WIFI,5000,4900,5100,AM5,DDR5,0,0,0,0,0,1
Mainboard,Biostar,X870 DDR5 WIFI,5000,4900,5100,AM5,DDR5,0,0,0,0,0,3
Mainboard,Biostar,X870M DDR5 WIFI,5000,4900,5100,AM5,DDR5,0,0,0,0,0,2
Mainboard,Biostar,X870I DDR5 WIFI,5000,4900,5100,AM5,DDR5,0,0,0,0,0,1
Mainboard,Biostar,B650E DDR5 WIFI,5000,4900,5100,AM5,DDR5,0,0,0,0,0,3
Mainboard,Biostar,B650EM DDR5 WIFI,5000,4900,5100,AM5,DDR5,0,0,0,0,0,2
Mainboard,Biostar,B650EI DDR5 WIFI,5000,4900,5100,AM5,DDR5,0,0,0,0,0,1
Mainboard,Biostar,B650 DDR5 WIFI,5000,4900,5100,AM5,DDR5,0,0,0,0,0,3
Mainboard,Biostar,B650M DDR5 WIFI,5000,4900,5100,AM5,DDR5,0,0,0,0,0,2
Mainboard,Biostar,B650I DDR5 WIFI,5000,4900,5100,AM5,DDR5,0,0,0,0,0,1
Mainboard,Biostar,A620 DDR5,5000,4900,5100,AM5,DDR5,0,0,0,0,0,3
Mainboard,Biostar,A620M DDR5,5000,4900,5100,AM5,DDR5,0,0,0,0,0,2
Mainboard,Biostar,A620I DDR5,5000,4900,5100,AM5,DDR5,0,0,0,0,0,1
Mainboard,Biostar,X570 DDR4 WIFI,5000,4900,5100,AM4,DDR4,0,0,0,0,0,3
Mainboard,Biostar,X570M DDR4 WIFI,5000,4900,5100,AM4,DDR4,0,0,0,0,0,2
Mainboard,Biostar,X570I DDR4 WIFI,5000,4900,5100,AM4,DDR4,0,0,0,0,0,1
Mainboard,Biostar,B550 DDR4 WIFI,5000,4900,5100,AM4,DDR4,0,0,0,0,0,3
Mainboard,Biostar,B550M DDR4 WIFI,5000,4900,5100,AM4,DDR4,0,0,0,0,0,2
Mainboard,Biostar,B550I DDR4 WIFI,5000,4900,5100,AM4,DDR4,0,0,0,0,0,1
Mainboard,Biostar,A520 DDR4,5000,4900,5100,AM4,DDR4,0,0,0,0,0,3
Mainboard,Biostar,A520M DDR4,5000,4900,5100,AM4,DDR4,0,0,0,0,0,2
Mainboard,Biostar,A520I DDR4,5000,4900,5100,AM4,DDR4,0,0,0,0,0,1
RAM,Kingston,8GB (8GBx1) DDR4 3200,1290,1390,3100,-,DDR4,0,0,0,0,0,0
RAM,Kingston,16GB (8GBx2) DDR4 3200,2301,4320,3100,-,DDR4,0,0,0,0,0,0
RAM,Kingston,32GB (16GBx2) DDR4 3200,3490,4025,3100,-,DDR4,0,0,0,0,0,0
RAM,Kingston,64GB (32GBx2) DDR4 3200,3123,2900,3100,-,DDR4,0,0,0,0,0,0
RAM,Kingston,8GB (8GBx1) DDR4 3600,1290,1390,3100,-,DDR4,0,0,0,0,0,0
RAM,Kingston,16GB (8GBx2) DDR4 3600,2301,4320,3100,-,DDR4,0,0,0,0,0,0
RAM,Kingston,32GB (16GBx2) DDR4 3600,3490,4025,3100,-,DDR4,0,0,0,0,0,0
RAM,Kingston,64GB (32GBx2) DDR4 3600,3123,2900,3100,-,DDR4,0,0,0,0,0,0
RAM,Kingston,8GB (8GBx1) DDR4 4000,1290,1390,3100,-,DDR4,0,0,0,0,0,0
RAM,Kingston,16GB (8GBx2) DDR4 4000,2301,4320,3100,-,DDR4,0,0,0,0,0,0
RAM,Kingston,32GB (16GBx2) DDR4 4000,3490,2900,3100,-,DDR4,0,0,0,0,0,0
RAM,Kingston,64GB (32GBx2) DDR4 4000,3123,2900,3100,-,DDR4,0,0,0,0,0,0
RAM,Kingston,16GB (16GBx1) DDR5 4800,4390,3830,3100,-,DDR5,0,0,0,0,0,0
RAM,Kingston,32GB (16GBx2) DDR5 4800,3490,4025,3100,-,DDR5,0,0,0,0,0,0
RAM,Kingston,48GB (24GBx2) DDR5 4800,3000,2900,3100,-,DDR5,0,0,0,0,0,0
RAM,Kingston,64GB (32GBx2) DDR5 4800,3123,2900,3100,-,DDR5,0,0,0,0,0,0
RAM,Kingston,96GB (48GBx2) DDR5 4800,3000,2900,3100,-,DDR5,0,0,0,0,0,0
RAM,Kingston,16GB (16GBx1) DDR5 5200,4390,2900,3100,-,DDR5,0,0,0,0,0,0
RAM,Kingston,32GB (16GBx2) DDR5 5200,3490,4025,3100,-,DDR5,0,0,0,0,0,0
RAM,Kingston,48GB (24GBx2) DDR5 5200,3000,2900,3100,-,DDR5,0,0,0,0,0,0
RAM,Kingston,64GB (32GBx2) DDR5 5200,3123,2900,3100,-,DDR5,0,0,0,0,0,0
RAM,Kingston,96GB (48GBx2) DDR5 5200,3000,2900,3100,-,DDR5,0,0,0,0,0,0
RAM,Kingston,16GB (16GBx1) DDR5 5600,4390,2900,3100,-,DDR5,0,0,0,0,0,0
RAM,Kingston,32GB (16GBx2) DDR5 5600,3490,4025,3100,-,DDR5,0,0,0,0,0,0
RAM,Kingston,48GB (24GBx2) DDR5 5600,3000,2900,3100,-,DDR5,0,0,0,0,0,0
RAM,Kingston,64GB (32GBx2) DDR5 5600,3123,2900,3100,-,DDR5,0,0,0,0,0,0
RAM,Kingston,96GB (48GBx2) DDR5 5600,3000,2900,3100,-,DDR5,0,0,0,0,0,0
RAM,Kingston,16GB (16GBx1) DDR5 6000,4390,3830,3100,-,DDR5,0,0,0,0,0,0
RAM,Kingston,32GB (16GBx2) DDR5 6000,3490,2900,3100,-,DDR5,0,0,0,0,0,0
RAM,Kingston,48GB (24GBx2) DDR5 6000,3000,2900,3100,-,DDR5,0,0,0,0,0,0
RAM,Kingston,64GB (32GBx2) DDR5 6000,3123,2900,3100,-,DDR5,0,0,0,0,0,0
RAM,Kingston,96GB (48GBx2) DDR5 6000,3000,2900,3100,-,DDR5,0,0,0,0,0,0
RAM,Kingston,16GB (16GBx1) DDR5 6400,4390,3830,3100,-,DDR5,0,0,0,0,0,0
RAM,Kingston,32GB (16GBx2) DDR5 6400,3490,4025,3100,-,DDR5,0,0,0,0,0,0
RAM,Kingston,48GB (24GBx2) DDR5 6400,3000,2900,3100,-,DDR5,0,0,0,0,0,0
RAM,Kingston,64GB (32GBx2) DDR5 6400,3123,2900,3100,-,DDR5,0,0,0,0,0,0
RAM,Kingston,96GB (48GBx2) DDR5 6400,3000,2900,3100,-,DDR5,0,0,0,0,0,0
RAM,Kingston,16GB (16GBx1) DDR5 7200,4390,2900,3100,-,DDR5,0,0,0,0,0,0
RAM,Kingston,32GB (16GBx2) DDR5 7200,3490,4025,3100,-,DDR5,0,0,0,0,0,0
RAM,Kingston,48GB (24GBx2) DDR5 7200,3000,2900,3100,-,DDR5,0,0,0,0,0,0
RAM,Kingston,64GB (32GBx2) DDR5 7200,3123,2900,3100,-,DDR5,0,0,0,0,0,0
RAM,Kingston,96GB (48GBx2) DDR5 7200,3000,2900,3100,-,DDR5,0,0,0,0,0,0
RAM,Kingston,16GB (16GBx1) DDR5 8000,4390,2900,3100,-,DDR5,0,0,0,0,0,0
RAM,Kingston,32GB (16GBx2) DDR5 8000,3490,4025,3100,-,DDR5,0,0,0,0,0,0
RAM,Kingston,48GB (24GBx2) DDR5 8000,3000,2900,3100,-,DDR5,0,0,0,0,0,0
RAM,Kingston,64GB (32GBx2) DDR5 8000,3123,2900,3100,-,DDR5,0,0,0,0,0,0
RAM,Kingston,96GB (48GBx2) DDR5 8000,3000,2900,3100,-,DDR5,0,0,0,0,0,0
RAM,Corsair,8GB (8GBx1) DDR4 3200,3000,2900,3100,-,DDR4,0,0,0,0,0,0
RAM,Corsair,16GB (8GBx2) DDR4 3200,1990,3830,3100,-,DDR4,0,0,0,0,0,0
RAM,Corsair,32GB (16GBx2) DDR4 3200,2990,2900,3100,-,DDR4,0,0,0,0,0,0
RAM,Corsair,64GB (32GBx2) DDR4 3200,1323,2900,3100,-,DDR4,0,0,0,0,0,0
RAM,Corsair,8GB (8GBx1) DDR4 3600,3000,2900,3100,-,DDR4,0,0,0,0,0,0
RAM,Corsair,16GB (8GBx2) DDR4 3600,1990,2900,3100,-,DDR4,0,0,0,0,0,0
RAM,Corsair,32GB (16GBx2) DDR4 3600,2990,2900,3100,-,DDR4,0,0,0,0,0,0
RAM,Corsair,64GB (32GBx2) DDR4 3600,1323,2900,3100,-,DDR4,0,0,0,0,0,0
RAM,Corsair,8GB (8GBx1) DDR4 4000,3000,2900,3100,-,DDR4,0,0,0,0,0,0
RAM,Corsair,16GB (8GBx2) DDR4 4000,1990,3830,3100,-,DDR4,0,0,0,0,0,0
RAM,Corsair,32GB (16GBx2) DDR4 4000,2990,2900,3100,-,DDR4,0,0,0,0,0,0
RAM,Corsair,64GB (32GBx2) DDR4 4000,1323,2900,3100,-,DDR4,0,0,0,0,0,0
RAM,Corsair,16GB (16GBx1) DDR5 4800,4350,3830,3100,-,DDR5,0,0,0,0,0,0
RAM,Corsair,32GB (16GBx2) DDR5 4800,2990,2900,3100,-,DDR5,0,0,0,0,0,0
RAM,Corsair,48GB (24GBx2) DDR5 4800,1507,2900,3100,-,DDR5,0,0,0,0,0,0
RAM,Corsair,64GB (32GBx2) DDR5 4800,1323,2900,3100,-,DDR5,0,0,0,0,0,0
RAM,Corsair,96GB (48GBx2) DDR5 4800,3000,2900,3100,-,DDR5,0,0,0,0,0,0
RAM,Corsair,16GB (16GBx1) DDR5 5200,4350,3830,3100,-,DDR5,0,0,0,0,0,0
RAM,Corsair,32GB (16GBx2) DDR5 5200,2990,2900,3100,-,DDR5,0,0,0,0,0,0
RAM,Corsair,48GB (24GBx2) DDR5 5200,1507,2900,3100,-,DDR5,0,0,0,0,0,0
RAM,Corsair,64GB (32GBx2) DDR5 5200,1323,2900,3100,-,DDR5,0,0,0,0,0,0
RAM,Corsair,96GB (48GBx2) DDR5 5200,3000,2900,3100,-,DDR5,0,0,0,0,0,0
RAM,Corsair,16GB (16GBx1) DDR5 5600,4350,3830,3100,-,DDR5,0,0,0,0,0,0
RAM,Corsair,32GB (16GBx2) DDR5 5600,2990,2900,3100,-,DDR5,0,0,0,0,0,0
RAM,Corsair,48GB (24GBx2) DDR5 5600,1507,2900,3100,-,DDR5,0,0,0,0,0,0
RAM,Corsair,64GB (32GBx2) DDR5 5600,1323,2900,3100,-,DDR5,0,0,0,0,0,0
RAM,Corsair,96GB (48GBx2) DDR5 5600,3000,2900,3100,-,DDR5,0,0,0,0,0,0
RAM,Corsair,16GB (16GBx1) DDR5 6000,4350,3830,3100,-,DDR5,0,0,0,0,0,0
RAM,Corsair,32GB (16GBx2) DDR5 6000,2990,2900,3100,-,DDR5,0,0,0,0,0,0
RAM,Corsair,48GB (24GBx2) DDR5 6000,1507,2900,3100,-,DDR5,0,0,0,0,0,0
RAM,Corsair,64GB (32GBx2) DDR5 6000,1323,2900,3100,-,DDR5,0,0,0,0,0,0
RAM,Corsair,96GB (48GBx2) DDR5 6000,3000,2900,3100,-,DDR5,0,0,0,0,0,0
RAM,Corsair,16GB (16GBx1) DDR5 6400,4350,3830,3100,-,DDR5,0,0,0,0,0,0
RAM,Corsair,32GB (16GBx2) DDR5 6400,2990,2900,3100,-,DDR5,0,0,0,0,0,0
RAM,Corsair,48GB (24GBx2) DDR5 6400,1507,2900,3100,-,DDR5,0,0,0,0,0,0
RAM,Corsair,64GB (32GBx2) DDR5 6400,1323,2900,3100,-,DDR5,0,0,0,0,0,0
RAM,Corsair,96GB (48GBx2) DDR5 6400,3000,2900,3100,-,DDR5,0,0,0,0,0,0
RAM,Corsair,16GB (16GBx1) DDR5 7200,4350,3830,3100,-,DDR5,0,0,0,0,0,0
RAM,Corsair,32GB (16GBx2) DDR5 7200,2990,2900,3100,-,DDR5,0,0,0,0,0,0
RAM,Corsair,48GB (24GBx2) DDR5 7200,1507,2900,3100,-,DDR5,0,0,0,0,0,0
RAM,Corsair,64GB (32GBx2) DDR5 7200,1323,2900,3100,-,DDR5,0,0,0,0,0,0
RAM,Corsair,96GB (48GBx2) DDR5 7200,3000,2900,3100,-,DDR5,0,0,0,0,0,0
RAM,Corsair,16GB (16GBx1) DDR5 8000,4350,3830,3100,-,DDR5,0,0,0,0,0,0
RAM,Corsair,32GB (16GBx2) DDR5 8000,2990,2900,3100,-,DDR5,0,0,0,0,0,0
RAM,Corsair,48GB (24GBx2) DDR5 8000,1507,2900,3100,-,DDR5,0,0,0,0,0,0
RAM,Corsair,64GB (32GBx2) DDR5 8000,1323,2900,3100,-,DDR5,0,0,0,0,0,0
RAM,Corsair,96GB (48GBx2) DDR5 8000,3000,2900,3100,-,DDR5,0,0,0,0,0,0
RAM,G.SKILL,8GB (8GBx1) DDR4 3200,1990,2900,3100,-,DDR4,0,0,0,0,0,0
RAM,G.SKILL,16GB (8GBx2) DDR4 3200,3990,2900,3100,-,DDR4,0,0,0,0,0,0
RAM,G.SKILL,32GB (16GBx2) DDR4 3200,4490,2900,3100,-,DDR4,0,0,0,0,0,0
RAM,G.SKILL,64GB (32GBx2) DDR4 3200,3525,2900,3100,-,DDR4,0,0,0,0,0,0
RAM,G.SKILL,8GB (8GBx1) DDR4 3600,1990,2900,3100,-,DDR4,0,0,0,0,0,0
RAM,G.SKILL,16GB (8GBx2) DDR4 3600,3990,2900,3100,-,DDR4,0,0,0,0,0,0
RAM,G.SKILL,32GB (16GBx2) DDR4 3600,4490,2900,3100,-,DDR4,0,0,0,0,0,0
RAM,G.SKILL,64GB (32GBx2) DDR4 3600,3525,2900,3100,-,DDR4,0,0,0,0,0,0
RAM,G.SKILL,8GB (8GBx1) DDR4 4000,1990,2900,3100,-,DDR4,0,0,0,0,0,0
RAM,G.SKILL,16GB (8GBx2) DDR4 4000,3990,2900,3100,-,DDR4,0,0,0,0,0,0
RAM,G.SKILL,32GB (16GBx2) DDR4 4000,4490,2900,3100,-,DDR4,0,0,0,0,0,0
RAM,G.SKILL,64GB (32GBx2) DDR4 4000,3525,2900,3100,-,DDR4,0,0,0,0,0,0
RAM,G.SKILL,16GB (16GBx1) DDR5 4800,3590,2900,3100,-,DDR5,0,0,0,0,0,0
RAM,G.SKILL,32GB (16GBx2) DDR5 4800,4490,2900,3100,-,DDR5,0,0,0,0,0,0
RAM,G.SKILL,48GB (24GBx2) DDR5 4800,3403,2900,3100,-,DDR5,0,0,0,0,0,0
RAM,G.SKILL,64GB (32GBx2) DDR5 4800,3525,2900,3100,-,DDR5,0,0,0,0,0,0
RAM,G.SKILL,96GB (48GBx2) DDR5 4800,3000,2900,3100,-,DDR5,0,0,0,0,0,0
RAM,G.SKILL,16GB (16GBx1) DDR5 5200,3590,2900,3100,-,DDR5,0,0,0,0,0,0
RAM,G.SKILL,32GB (16GBx2) DDR5 5200,4490,2900,3100,-,DDR5,0,0,0,0,0,0
RAM,G.SKILL,48GB (24GBx2) DDR5 5200,3403,2900,3100,-,DDR5,0,0,0,0,0,0
RAM,G.SKILL,64GB (32GBx2) DDR5 5200,3525,2900,3100,-,DDR5,0,0,0,0,0,0
RAM,G.SKILL,96GB (48GBx2) DDR5 5200,3000,2900,3100,-,DDR5,0,0,0,0,0,0
RAM,G.SKILL,16GB (16GBx1) DDR5 5600,3590,2900,3100,-,DDR5,0,0,0,0,0,0
RAM,G.SKILL,32GB (16GBx2) DDR5 5600,4490,2900,3100,-,DDR5,0,0,0,0,0,0
RAM,G.SKILL,48GB (24GBx2) DDR5 5600,3403,2900,3100,-,DDR5,0,0,0,0,0,0
RAM,G.SKILL,64GB (32GBx2) DDR5 5600,3525,2900,3100,-,DDR5,0,0,0,0,0,0
RAM,G.SKILL,96GB (48GBx2) DDR5 5600,3000,2900,3100,-,DDR5,0,0,0,0,0,0
RAM,G.SKILL,16GB (16GBx1) DDR5 6000,3590,2900,3100,-,DDR5,0,0,0,0,0,0
RAM,G.SKILL,32GB (16GBx2) DDR5 6000,4490,2900,3100,-,DDR5,0,0,0,0,0,0
RAM,G.SKILL,48GB (24GBx2) DDR5 6000,3403,2900,3100,-,DDR5,0,0,0,0,0,0
RAM,G.SKILL,64GB (32GBx2) DDR5 6000,3525,2900,3100,-,DDR5,0,0,0,0,0,0
RAM,G.SKILL,96GB (48GBx2) DDR5 6000,3000,2900,3100,-,DDR5,0,0,0,0,0,0
RAM,G.SKILL,16GB (16GBx1) DDR5 6400,3590,2900,3100,-,DDR5,0,0,0,0,0,0
RAM,G.SKILL,32GB (16GBx2) DDR5 6400,4490,2900,3100,-,DDR5,0,0,0,0,0,0
RAM,G.SKILL,48GB (24GBx2) DDR5 6400,3403,2900,3100,-,DDR5,0,0,0,0,0,0
RAM,G.SKILL,64GB (32GBx2) DDR5 6400,3525,2900,3100,-,DDR5,0,0,0,0,0,0
RAM,G.SKILL,96GB (48GBx2) DDR5 6400,3000,2900,3100,-,DDR5,0,0,0,0,0,0
RAM,G.SKILL,16GB (16GBx1) DDR5 7200,3590,2900,3100,-,DDR5,0,0,0,0,0,0
RAM,G.SKILL,32GB (16GBx2) DDR5 7200,4490,2900,3100,-,DDR5,0,0,0,0,0,0
RAM,G.SKILL,48GB (24GBx2) DDR5 7200,3403,2900,3100,-,DDR5,0,0,0,0,0,0
RAM,G.SKILL,64GB (32GBx2) DDR5 7200,3525,2900,3100,-,DDR5,0,0,0,0,0,0
RAM,G.SKILL,96GB (48GBx2) DDR5 7200,3000,2900,3100,-,DDR5,0,0,0,0,0,0
RAM,G.SKILL,16GB (16GBx1) DDR5 8000,3590,2900,3100,-,DDR5,0,0,0,0,0,0
RAM,G.SKILL,32GB (16GBx2) DDR5 8000,4490,2900,3100,-,DDR5,0,0,0,0,0,0
RAM,G.SKILL,48GB (24GBx2) DDR5 8000,3403,2900,3100,-,DDR5,0,0,0,0,0,0
RAM,G.SKILL,64GB (32GBx2) DDR5 8000,3525,2900,3100,-,DDR5,0,0,0,0,0,0
RAM,G.SKILL,96GB (48GBx2) DDR5 8000,3000,2900,3100,-,DDR5,0,0,0,0,0,0
RAM,TeamGroup,8GB (8GBx1) DDR4 3200,3000,2900,3100,-,DDR4,0,0,0,0,0,0
RAM,TeamGroup,16GB (8GBx2) DDR4 3200,3000,3830,3100,-,DDR4,0,0,0,0,0,0
RAM,TeamGroup,32GB (16GBx2) DDR4 3200,3000,2900,3100,-,DDR4,0,0,0,0,0,0
RAM,TeamGroup,64GB (32GBx2) DDR4 3200,3000,2900,3100,-,DDR4,0,0,0,0,0,0
RAM,TeamGroup,8GB (8GBx1) DDR4 3600,3000,2900,3100,-,DDR4,0,0,0,0,0,0
RAM,TeamGroup,16GB (8GBx2) DDR4 3600,3000,3830,3100,-,DDR4,0,0,0,0,0,0
RAM,TeamGroup,32GB (16GBx2) DDR4 3600,3000,2900,3100,-,DDR4,0,0,0,0,0,0
RAM,TeamGroup,64GB (32GBx2) DDR4 3600,3000,2900,3100,-,DDR4,0,0,0,0,0,0
RAM,TeamGroup,8GB (8GBx1) DDR4 4000,3000,2900,3100,-,DDR4,0,0,0,0,0,0
RAM,TeamGroup,16GB (8GBx2) DDR4 4000,3000,3830,3100,-,DDR4,0,0,0,0,0,0
RAM,TeamGroup,32GB (16GBx2) DDR4 4000,3000,2900,3100,-,DDR4,0,0,0,0,0,0
RAM,TeamGroup,64GB (32GBx2) DDR4 4000,3000,2900,3100,-,DDR4,0,0,0,0,0,0
RAM,TeamGroup,16GB (16GBx1) DDR5 4800,3000,2900,3100,-,DDR5,0,0,0,0,0,0
RAM,TeamGroup,32GB (16GBx2) DDR5 4800,3000,2900,3100,-,DDR5,0,0,0,0,0,0
RAM,TeamGroup,48GB (24GBx2) DDR5 4800,3000,2900,3100,-,DDR5,0,0,0,0,0,0
RAM,TeamGroup,64GB (32GBx2) DDR5 4800,3000,2900,3100,-,DDR5,0,0,0,0,0,0
RAM,TeamGroup,96GB (48GBx2) DDR5 4800,3000,2900,3100,-,DDR5,0,0,0,0,0,0
RAM,TeamGroup,16GB (16GBx1) DDR5 5200,3000,2900,3100,-,DDR5,0,0,0,0,0,0
RAM,TeamGroup,32GB (16GBx2) DDR5 5200,3000,2900,3100,-,DDR5,0,0,0,0,0,0
RAM,TeamGroup,48GB (24GBx2) DDR5 5200,3000,2900,3100,-,DDR5,0,0,0,0,0,0
RAM,TeamGroup,64GB (32GBx2) DDR5 5200,3000,2900,3100,-,DDR5,0,0,0,0,0,0
RAM,TeamGroup,96GB (48GBx2) DDR5 5200,3000,2900,3100,-,DDR5,0,0,0,0,0,0
RAM,TeamGroup,16GB (16GBx1) DDR5 5600,3000,2900,3100,-,DDR5,0,0,0,0,0,0
RAM,TeamGroup,32GB (16GBx2) DDR5 5600,3000,2900,3100,-,DDR5,0,0,0,0,0,0
RAM,TeamGroup,48GB (24GBx2) DDR5 5600,3000,2900,3100,-,DDR5,0,0,0,0,0,0
RAM,TeamGroup,64GB (32GBx2) DDR5 5600,3000,2900,3100,-,DDR5,0,0,0,0,0,0
RAM,TeamGroup,96GB (48GBx2) DDR5 5600,3000,2900,3100,-,DDR5,0,0,0,0,0,0
RAM,TeamGroup,16GB (16GBx1) DDR5 6000,3000,2900,3100,-,DDR5,0,0,0,0,0,0
RAM,TeamGroup,32GB (16GBx2) DDR5 6000,3000,2900,3100,-,DDR5,0,0,0,0,0,0
RAM,TeamGroup,48GB (24GBx2) DDR5 6000,3000,2900,3100,-,DDR5,0,0,0,0,0,0
RAM,TeamGroup,64GB (32GBx2) DDR5 6000,3000,2900,3100,-,DDR5,0,0,0,0,0,0
RAM,TeamGroup,96GB (48GBx2) DDR5 6000,3000,2900,3100,-,DDR5,0,0,0,0,0,0
RAM,TeamGroup,16GB (16GBx1) DDR5 6400,3000,2900,3100,-,DDR5,0,0,0,0,0,0
RAM,TeamGroup,32GB (16GBx2) DDR5 6400,3000,2900,3100,-,DDR5,0,0,0,0,0,0
RAM,TeamGroup,48GB (24GBx2) DDR5 6400,3000,2900,3100,-,DDR5,0,0,0,0,0,0
RAM,TeamGroup,64GB (32GBx2) DDR5 6400,3000,2900,3100,-,DDR5,0,0,0,0,0,0
RAM,TeamGroup,96GB (48GBx2) DDR5 6400,3000,2900,3100,-,DDR5,0,0,0,0,0,0
RAM,TeamGroup,16GB (16GBx1) DDR5 7200,3000,2900,3100,-,DDR5,0,0,0,0,0,0
RAM,TeamGroup,32GB (16GBx2) DDR5 7200,3000,2900,3100,-,DDR5,0,0,0,0,0,0
RAM,TeamGroup,48GB (24GBx2) DDR5 7200,3000,2900,3100,-,DDR5,0,0,0,0,0,0
RAM,TeamGroup,64GB (32GBx2) DDR5 7200,3000,2900,3100,-,DDR5,0,0,0,0,0,0
RAM,TeamGroup,96GB (48GBx2) DDR5 7200,3000,2900,3100,-,DDR5,0,0,0,0,0,0
RAM,TeamGroup,16GB (16GBx1) DDR5 8000,3000,2900,3100,-,DDR5,0,0,0,0,0,0
RAM,TeamGroup,32GB (16GBx2) DDR5 8000,3000,2900,3100,-,DDR5,0,0,0,0,0,0
RAM,TeamGroup,48GB (24GBx2) DDR5 8000,3000,2900,3100,-,DDR5,0,0,0,0,0,0
RAM,TeamGroup,64GB (32GBx2) DDR5 8000,3000,2900,3100,-,DDR5,0,0,0,0,0,0
RAM,TeamGroup,96GB (48GBx2) DDR5 8000,3000,2900,3100,-,DDR5,0,0,0,0,0,0
RAM,ADATA,8GB (8GBx1) DDR4 3200,2900,2900,3100,-,DDR4,0,0,0,0,0,0
RAM,ADATA,16GB (8GBx2) DDR4 3200,1790,3830,3100,-,DDR4,0,0,0,0,0,0
RAM,ADATA,32GB (16GBx2) DDR4 3200,3550,2900,3100,-,DDR4,0,0,0,0,0,0
RAM,ADATA,64GB (32GBx2) DDR4 3200,3000,2900,3100,-,DDR4,0,0,0,0,0,0
RAM,ADATA,8GB (8GBx1) DDR4 3600,2900,2900,3100,-,DDR4,0,0,0,0,0,0
RAM,ADATA,16GB (8GBx2) DDR4 3600,1790,3830,3100,-,DDR4,0,0,0,0,0,0
RAM,ADATA,32GB (16GBx2) DDR4 3600,3550,2900,3100,-,DDR4,0,0,0,0,0,0
RAM,ADATA,64GB (32GBx2) DDR4 3600,3000,2900,3100,-,DDR4,0,0,0,0,0,0
RAM,ADATA,8GB (8GBx1) DDR4 4000,2900,2900,3100,-,DDR4,0,0,0,0,0,0
RAM,ADATA,16GB (8GBx2) DDR4 4000,1790,3830,3100,-,DDR4,0,0,0,0,0,0
RAM,ADATA,32GB (16GBx2) DDR4 4000,3550,2900,3100,-,DDR4,0,0,0,0,0,0
RAM,ADATA,64GB (32GBx2) DDR4 4000,3000,2900,3100,-,DDR4,0,0,0,0,0,0
RAM,ADATA,16GB (16GBx1) DDR5 4800,3790,4025,3100,-,DDR5,0,0,0,0,0,0
RAM,ADATA,32GB (16GBx2) DDR5 4800,3550,2900,3100,-,DDR5,0,0,0,0,0,0
RAM,ADATA,48GB (24GBx2) DDR5 4800,3000,2900,3100,-,DDR5,0,0,0,0,0,0
RAM,ADATA,64GB (32GBx2) DDR5 4800,3000,2900,3100,-,DDR5,0,0,0,0,0,0
RAM,ADATA,96GB (48GBx2) DDR5 4800,3000,2900,3100,-,DDR5,0,0,0,0,0,0
RAM,ADATA,16GB (16GBx1) DDR5 5200,3790,4025,3100,-,DDR5,0,0,0,0,0,0
RAM,ADATA,32GB (16GBx2) DDR5 5200,3550,2900,3100,-,DDR5,0,0,0,0,0,0
RAM,ADATA,48GB (24GBx2) DDR5 5200,3000,2900,3100,-,DDR5,0,0,0,0,0,0
RAM,ADATA,64GB (32GBx2) DDR5 5200,3000,2900,3100,-,DDR5,0,0,0,0,0,0
RAM,ADATA,96GB (48GBx2) DDR5 5200,3000,2900,3100,-,DDR5,0,0,0,0,0,0
RAM,ADATA,16GB (16GBx1) DDR5 5600,3790,4025,3100,-,DDR5,0,0,0,0,0,0
RAM,ADATA,32GB (16GBx2) DDR5 5600,3550,2900,3100,-,DDR5,0,0,0,0,0,0
RAM,ADATA,48GB (24GBx2) DDR5 5600,3000,2900,3100,-,DDR5,0,0,0,0,0,0
RAM,ADATA,64GB (32GBx2) DDR5 5600,3000,2900,3100,-,DDR5,0,0,0,0,0,0
RAM,ADATA,96GB (48GBx2) DDR5 5600,3000,2900,3100,-,DDR5,0,0,0,0,0,0
RAM,ADATA,16GB (16GBx1) DDR5 6000,3790,4025,3100,-,DDR5,0,0,0,0,0,0
RAM,ADATA,32GB (16GBx2) DDR5 6000,3550,2900,3100,-,DDR5,0,0,0,0,0,0
RAM,ADATA,48GB (24GBx2) DDR5 6000,3000,2900,3100,-,DDR5,0,0,0,0,0,0
RAM,ADATA,64GB (32GBx2) DDR5 6000,3000,2900,3100,-,DDR5,0,0,0,0,0,0
RAM,ADATA,96GB (48GBx2) DDR5 6000,3000,2900,3100,-,DDR5,0,0,0,0,0,0
RAM,ADATA,16GB (16GBx1) DDR5 6400,3790,4025,3100,-,DDR5,0,0,0,0,0,0
RAM,ADATA,32GB (16GBx2) DDR5 6400,3550,2900,3100,-,DDR5,0,0,0,0,0,0
RAM,ADATA,48GB (24GBx2) DDR5 6400,3000,2900,3100,-,DDR5,0,0,0,0,0,0
RAM,ADATA,64GB (32GBx2) DDR5 6400,3000,2900,3100,-,DDR5,0,0,0,0,0,0
RAM,ADATA,96GB (48GBx2) DDR5 6400,3000,2900,3100,-,DDR5,0,0,0,0,0,0
RAM,ADATA,16GB (16GBx1) DDR5 7200,3790,2900,3100,-,DDR5,0,0,0,0,0,0
RAM,ADATA,32GB (16GBx2) DDR5 7200,3550,2900,3100,-,DDR5,0,0,0,0,0,0
RAM,ADATA,48GB (24GBx2) DDR5 7200,3000,2900,3100,-,DDR5,0,0,0,0,0,0
RAM,ADATA,64GB (32GBx2) DDR5 7200,3000,2900,3100,-,DDR5,0,0,0,0,0,0
RAM,ADATA,96GB (48GBx2) DDR5 7200,3000,2900,3100,-,DDR5,0,0,0,0,0,0
RAM,ADATA,16GB (16GBx1) DDR5 8000,3790,4025,3100,-,DDR5,0,0,0,0,0,0
RAM,ADATA,32GB (16GBx2) DDR5 8000,3550,2900,3100,-,DDR5,0,0,0,0,0,0
RAM,ADATA,48GB (24GBx2) DDR5 8000,3000,2900,3100,-,DDR5,0,0,0,0,0,0
RAM,ADATA,64GB (32GBx2) DDR5 8000,3000,2900,3100,-,DDR5,0,0,0,0,0,0
RAM,ADATA,96GB (48GBx2) DDR5 8000,3000,2900,3100,-,DDR5,0,0,0,0,0,0
RAM,Lexar,8GB (8GBx1) DDR4 3200,1790,2900,3100,-,DDR4,0,0,0,0,0,0
RAM,Lexar,16GB (8GBx2) DDR4 3200,2643,3830,3100,-,DDR4,0,0,0,0,0,0
RAM,Lexar,32GB (16GBx2) DDR4 3200,4349,2900,3100,-,DDR4,0,0,0,0,0,0
RAM,Lexar,64GB (32GBx2) DDR4 3200,3000,2900,3100,-,DDR4,0,0,0,0,0,0
RAM,Lexar,8GB (8GBx1) DDR4 3600,1790,2900,3100,-,DDR4,0,0,0,0,0,0
RAM,Lexar,16GB (8GBx2) DDR4 3600,2643,3830,3100,-,DDR4,0,0,0,0,0,0
RAM,Lexar,32GB (16GBx2) DDR4 3600,4349,2900,3100,-,DDR4,0,0,0,0,0,0
RAM,Lexar,64GB (32GBx2) DDR4 3600,3000,2900,3100,-,DDR4,0,0,0,0,0,0
RAM,Lexar,8GB (8GBx1) DDR4 4000,1790,2900,3100,-,DDR4,0,0,0,0,0,0
RAM,Lexar,16GB (8GBx2) DDR4 4000,2643,3830,3100,-,DDR4,0,0,0,0,0,0
RAM,Lexar,32GB (16GBx2) DDR4 4000,4349,2900,3100,-,DDR4,0,0,0,0,0,0
RAM,Lexar,64GB (32GBx2) DDR4 4000,3000,2900,3100,-,DDR4,0,0,0,0,0,0
RAM,Lexar,16GB (16GBx1) DDR5 4800,3790,2900,3100,-,DDR5,0,0,0,0,0,0
RAM,Lexar,32GB (16GBx2) DDR5 4800,4349,2900,3100,-,DDR5,0,0,0,0,0,0
RAM,Lexar,48GB (24GBx2) DDR5 4800,4242,2900,3100,-,DDR5,0,0,0,0,0,0
RAM,Lexar,64GB (32GBx2) DDR5 4800,3000,2900,3100,-,DDR5,0,0,0,0,0,0
RAM,Lexar,96GB (48GBx2) DDR5 4800,3000,2900,3100,-,DDR5,0,0,0,0,0,0
RAM,Lexar,16GB (16GBx1) DDR5 5200,3790,3830,3100,-,DDR5,0,0,0,0,0,0
RAM,Lexar,32GB (16GBx2) DDR5 5200,4349,2900,3100,-,DDR5,0,0,0,0,0,0
RAM,Lexar,48GB (24GBx2) DDR5 5200,4242,2900,3100,-,DDR5,0,0,0,0,0,0
RAM,Lexar,64GB (32GBx2) DDR5 5200,3000,2900,3100,-,DDR5,0,0,0,0,0,0
RAM,Lexar,96GB (48GBx2) DDR5 5200,3000,2900,3100,-,DDR5,0,0,0,0,0,0
RAM,Lexar,16GB (16GBx1) DDR5 5600,3790,3830,3100,-,DDR5,0,0,0,0,0,0
RAM,Lexar,32GB (16GBx2) DDR5 5600,4349,2900,3100,-,DDR5,0,0,0,0,0,0
RAM,Lexar,48GB (24GBx2) DDR5 5600,4242,2900,3100,-,DDR5,0,0,0,0,0,0
RAM,Lexar,64GB (32GBx2) DDR5 5600,3000,2900,3100,-,DDR5,0,0,0,0,0,0
RAM,Lexar,96GB (48GBx2) DDR5 5600,3000,2900,3100,-,DDR5,0,0,0,0,0,0
RAM,Lexar,16GB (16GBx1) DDR5 6000,3790,3830,3100,-,DDR5,0,0,0,0,0,0
RAM,Lexar,32GB (16GBx2) DDR5 6000,4349,2900,3100,-,DDR5,0,0,0,0,0,0
RAM,Lexar,48GB (24GBx2) DDR5 6000,4242,2900,3100,-,DDR5,0,0,0,0,0,0
RAM,Lexar,64GB (32GBx2) DDR5 6000,3000,2900,3100,-,DDR5,0,0,0,0,0,0
RAM,Lexar,96GB (48GBx2) DDR5 6000,3000,2900,3100,-,DDR5,0,0,0,0,0,0
RAM,Lexar,16GB (16GBx1) DDR5 6400,3790,3830,3100,-,DDR5,0,0,0,0,0,0
RAM,Lexar,32GB (16GBx2) DDR5 6400,4350,2900,3100,-,DDR5,0,0,0,0,0,0
RAM,Lexar,48GB (24GBx2) DDR5 6400,4242,2900,3100,-,DDR5,0,0,0,0,0,0
RAM,Lexar,64GB (32GBx2) DDR5 6400,3000,2900,3100,-,DDR5,0,0,0,0,0,0
RAM,Lexar,96GB (48GBx2) DDR5 6400,3000,2900,3100,-,DDR5,0,0,0,0,0,0
RAM,Lexar,16GB (16GBx1) DDR5 7200,3790,3830,3100,-,DDR5,0,0,0,0,0,0
RAM,Lexar,32GB (16GBx2) DDR5 7200,4350,2900,3100,-,DDR5,0,0,0,0,0,0
RAM,Lexar,48GB (24GBx2) DDR5 7200,4242,2900,3100,-,DDR5,0,0,0,0,0,0
RAM,Lexar,64GB (32GBx2) DDR5 7200,3000,2900,3100,-,DDR5,0,0,0,0,0,0
RAM,Lexar,96GB (48GBx2) DDR5 7200,3000,2900,3100,-,DDR5,0,0,0,0,0,0
RAM,Lexar,16GB (16GBx1) DDR5 8000,3790,3830,3100,-,DDR5,0,0,0,0,0,0
RAM,Lexar,32GB (16GBx2) DDR5 8000,4350,2900,3100,-,DDR5,0,0,0,0,0,0
RAM,Lexar,48GB (24GBx2) DDR5 8000,4242,2900,3100,-,DDR5,0,0,0,0,0,0
RAM,Lexar,64GB (32GBx2) DDR5 8000,3000,2900,3100,-,DDR5,0,0,0,0,0,0
RAM,Lexar,96GB (48GBx2) DDR5 8000,3000,2900,3100,-,DDR5,0,0,0,0,0,0
RAM,KLEVV,8GB (8GBx1) DDR4 3200,1790,2900,3100,-,DDR4,0,0,0,0,0,0
RAM,KLEVV,16GB (8GBx2) DDR4 3200,2190,3830,3100,-,DDR4,0,0,0,0,0,0
RAM,KLEVV,32GB (16GBx2) DDR4 3200,4694,2900,3100,-,DDR4,0,0,0,0,0,0
RAM,KLEVV,64GB (32GBx2) DDR4 3200,4197,2900,3100,-,DDR4,0,0,0,0,0,0
RAM,KLEVV,8GB (8GBx1) DDR4 3600,1790,2900,3100,-,DDR4,0,0,0,0,0,0
RAM,KLEVV,16GB (8GBx2) DDR4 3600,2190,3830,3100,-,DDR4,0,0,0,0,0,0
RAM,KLEVV,32GB (16GBx2) DDR4 3600,4694,2900,3100,-,DDR4,0,0,0,0,0,0
RAM,KLEVV,64GB (32GBx2) DDR4 3600,4197,2900,3100,-,DDR4,0,0,0,0,0,0
RAM,KLEVV,8GB (8GBx1) DDR4 4000,1790,2900,3100,-,DDR4,0,0,0,0,0,0
RAM,KLEVV,16GB (8GBx2) DDR4 4000,2190,3830,3100,-,DDR4,0,0,0,0,0,0
RAM,KLEVV,32GB (16GBx2) DDR4 4000,4694,2900,3100,-,DDR4,0,0,0,0,0,0
RAM,KLEVV,64GB (32GBx2) DDR4 4000,4197,2900,3100,-,DDR4,0,0,0,0,0,0
RAM,KLEVV,16GB (16GBx1) DDR5 4800,1990,2900,3100,-,DDR5,0,0,0,0,0,0
RAM,KLEVV,32GB (16GBx2) DDR5 4800,4694,2900,3100,-,DDR5,0,0,0,0,0,0
RAM,KLEVV,48GB (24GBx2) DDR5 4800,4084,2900,3100,-,DDR5,0,0,0,0,0,0
RAM,KLEVV,64GB (32GBx2) DDR5 4800,4197,2900,3100,-,DDR5,0,0,0,0,0,0
RAM,KLEVV,96GB (48GBx2) DDR5 4800,3000,2900,3100,-,DDR5,0,0,0,0,0,0
RAM,KLEVV,16GB (16GBx1) DDR5 5200,1990,2900,3100,-,DDR5,0,0,0,0,0,0
RAM,KLEVV,32GB (16GBx2) DDR5 5200,4694,2900,3100,-,DDR5,0,0,0,0,0,0
RAM,KLEVV,48GB (24GBx2) DDR5 5200,4084,2900,3100,-,DDR5,0,0,0,0,0,0
RAM,KLEVV,64GB (32GBx2) DDR5 5200,4197,2900,3100,-,DDR5,0,0,0,0,0,0
RAM,KLEVV,96GB (48GBx2) DDR5 5200,3000,2900,3100,-,DDR5,0,0,0,0,0,0
RAM,KLEVV,16GB (16GBx1) DDR5 5600,1990,2900,3100,-,DDR5,0,0,0,0,0,0
RAM,KLEVV,32GB (16GBx2) DDR5 5600,4694,2900,3100,-,DDR5,0,0,0,0,0,0
RAM,KLEVV,48GB (24GBx2) DDR5 5600,4084,2900,3100,-,DDR5,0,0,0,0,0,0
RAM,KLEVV,64GB (32GBx2) DDR5 5600,4197,2900,3100,-,DDR5,0,0,0,0,0,0
RAM,KLEVV,96GB (48GBx2) DDR5 5600,3000,2900,3100,-,DDR5,0,0,0,0,0,0
RAM,KLEVV,16GB (16GBx1) DDR5 6000,1990,2900,3100,-,DDR5,0,0,0,0,0,0
RAM,KLEVV,32GB (16GBx2) DDR5 6000,4694,2900,3100,-,DDR5,0,0,0,0,0,0
RAM,KLEVV,48GB (24GBx2) DDR5 6000,4084,2900,3100,-,DDR5,0,0,0,0,0,0
RAM,KLEVV,64GB (32GBx2) DDR5 6000,4197,2900,3100,-,DDR5,0,0,0,0,0,0
RAM,KLEVV,96GB (48GBx2) DDR5 6000,3000,2900,3100,-,DDR5,0,0,0,0,0,0
RAM,KLEVV,16GB (16GBx1) DDR5 6400,1990,2900,3100,-,DDR5,0,0,0,0,0,0
RAM,KLEVV,32GB (16GBx2) DDR5 6400,4694,2900,3100,-,DDR5,0,0,0,0,0,0
RAM,KLEVV,48GB (24GBx2) DDR5 6400,4084,2900,3100,-,DDR5,0,0,0,0,0,0
RAM,KLEVV,64GB (32GBx2) DDR5 6400,4197,2900,3100,-,DDR5,0,0,0,0,0,0
RAM,KLEVV,96GB (48GBx2) DDR5 6400,3000,2900,3100,-,DDR5,0,0,0,0,0,0
RAM,KLEVV,16GB (16GBx1) DDR5 7200,1990,2900,3100,-,DDR5,0,0,0,0,0,0
RAM,KLEVV,32GB (16GBx2) DDR5 7200,4694,2900,3100,-,DDR5,0,0,0,0,0,0
RAM,KLEVV,48GB (24GBx2) DDR5 7200,4084,2900,3100,-,DDR5,0,0,0,0,0,0
RAM,KLEVV,64GB (32GBx2) DDR5 7200,4197,2900,3100,-,DDR5,0,0,0,0,0,0
RAM,KLEVV,96GB (48GBx2) DDR5 7200,3000,2900,3100,-,DDR5,0,0,0,0,0,0
RAM,KLEVV,16GB (16GBx1) DDR5 8000,1990,2900,3100,-,DDR5,0,0,0,0,0,0
RAM,KLEVV,32GB (16GBx2) DDR5 8000,4694,2900,3100,-,DDR5,0,0,0,0,0,0
RAM,KLEVV,48GB (24GBx2) DDR5 8000,4084,2900,3100,-,DDR5,0,0,0,0,0,0
RAM,KLEVV,64GB (32GBx2) DDR5 8000,4197,2900,3100,-,DDR5,0,0,0,0,0,0
RAM,KLEVV,96GB (48GBx2) DDR5 8000,3000,2900,3100,-,DDR5,0,0,0,0,0,0
RAM,Crucial,8GB (8GBx1) DDR4 3200,1650,2900,3100,-,DDR4,0,0,0,0,0,0
RAM,Crucial,16GB (8GBx2) DDR4 3200,3000,3830,3100,-,DDR4,0,0,0,0,0,0
RAM,Crucial,32GB (16GBx2) DDR4 3200,3000,2900,3100,-,DDR4,0,0,0,0,0,0
RAM,Crucial,64GB (32GBx2) DDR4 3200,3000,2900,3100,-,DDR4,0,0,0,0,0,0
RAM,Crucial,8GB (8GBx1) DDR4 3600,1650,2900,3100,-,DDR4,0,0,0,0,0,0
RAM,Crucial,16GB (8GBx2) DDR4 3600,3000,3830,3100,-,DDR4,0,0,0,0,0,0
RAM,Crucial,32GB (16GBx2) DDR4 3600,3000,2900,3100,-,DDR4,0,0,0,0,0,0
RAM,Crucial,64GB (32GBx2) DDR4 3600,3000,2900,3100,-,DDR4,0,0,0,0,0,0
RAM,Crucial,8GB (8GBx1) DDR4 4000,1650,2900,3100,-,DDR4,0,0,0,0,0,0
RAM,Crucial,16GB (8GBx2) DDR4 4000,3000,3830,3100,-,DDR4,0,0,0,0,0,0
RAM,Crucial,32GB (16GBx2) DDR4 4000,3000,2900,3100,-,DDR4,0,0,0,0,0,0
RAM,Crucial,64GB (32GBx2) DDR4 4000,3000,2900,3100,-,DDR4,0,0,0,0,0,0
RAM,Crucial,16GB (16GBx1) DDR5 4800,1790,2900,3100,-,DDR5,0,0,0,0,0,0
RAM,Crucial,32GB (16GBx2) DDR5 4800,3000,2900,3100,-,DDR5,0,0,0,0,0,0
RAM,Crucial,48GB (24GBx2) DDR5 4800,3000,2900,3100,-,DDR5,0,0,0,0,0,0
RAM,Crucial,64GB (32GBx2) DDR5 4800,3000,2900,3100,-,DDR5,0,0,0,0,0,0
RAM,Crucial,96GB (48GBx2) DDR5 4800,3000,2900,3100,-,DDR5,0,0,0,0,0,0
RAM,Crucial,16GB (16GBx1) DDR5 5200,1790,2900,3100,-,DDR5,0,0,0,0,0,0
RAM,Crucial,32GB (16GBx2) DDR5 5200,3000,2900,3100,-,DDR5,0,0,0,0,0,0
RAM,Crucial,48GB (24GBx2) DDR5 5200,3000,2900,3100,-,DDR5,0,0,0,0,0,0
RAM,Crucial,64GB (32GBx2) DDR5 5200,3000,2900,3100,-,DDR5,0,0,0,0,0,0
RAM,Crucial,96GB (48GBx2) DDR5 5200,3000,2900,3100,-,DDR5,0,0,0,0,0,0
RAM,Crucial,16GB (16GBx1) DDR5 5600,1790,2900,3100,-,DDR5,0,0,0,0,0,0
RAM,Crucial,32GB (16GBx2) DDR5 5600,3000,2900,3100,-,DDR5,0,0,0,0,0,0
RAM,Crucial,48GB (24GBx2) DDR5 5600,3000,2900,3100,-,DDR5,0,0,0,0,0,0
RAM,Crucial,64GB (32GBx2) DDR5 5600,3000,2900,3100,-,DDR5,0,0,0,0,0,0
RAM,Crucial,96GB (48GBx2) DDR5 5600,3000,2900,3100,-,DDR5,0,0,0,0,0,0
RAM,Crucial,16GB (16GBx1) DDR5 6000,1790,2900,3100,-,DDR5,0,0,0,0,0,0
RAM,Crucial,32GB (16GBx2) DDR5 6000,3000,2900,3100,-,DDR5,0,0,0,0,0,0
RAM,Crucial,48GB (24GBx2) DDR5 6000,3000,2900,3100,-,DDR5,0,0,0,0,0,0
RAM,Crucial,64GB (32GBx2) DDR5 6000,3000,2900,3100,-,DDR5,0,0,0,0,0,0
RAM,Crucial,96GB (48GBx2) DDR5 6000,3000,2900,3100,-,DDR5,0,0,0,0,0,0
RAM,Crucial,16GB (16GBx1) DDR5 6400,1790,2900,3100,-,DDR5,0,0,0,0,0,0
RAM,Crucial,32GB (16GBx2) DDR5 6400,3000,2900,3100,-,DDR5,0,0,0,0,0,0
RAM,Crucial,48GB (24GBx2) DDR5 6400,3000,2900,3100,-,DDR5,0,0,0,0,0,0
RAM,Crucial,64GB (32GBx2) DDR5 6400,3000,2900,3100,-,DDR5,0,0,0,0,0,0
RAM,Crucial,96GB (48GBx2) DDR5 6400,3000,2900,3100,-,DDR5,0,0,0,0,0,0
RAM,Crucial,16GB (16GBx1) DDR5 7200,1790,2900,3100,-,DDR5,0,0,0,0,0,0
RAM,Crucial,32GB (16GBx2) DDR5 7200,3000,2900,3100,-,DDR5,0,0,0,0,0,0
RAM,Crucial,48GB (24GBx2) DDR5 7200,3000,2900,3100,-,DDR5,0,0,0,0,0,0
RAM,Crucial,64GB (32GBx2) DDR5 7200,3000,2900,3100,-,DDR5,0,0,0,0,0,0
RAM,Crucial,96GB (48GBx2) DDR5 7200,3000,2900,3100,-,DDR5,0,0,0,0,0,0
RAM,Crucial,16GB (16GBx1) DDR5 8000,1790,2900,3100,-,DDR5,0,0,0,0,0,0
RAM,Crucial,32GB (16GBx2) DDR5 8000,3000,2900,3100,-,DDR5,0,0,0,0,0,0
RAM,Crucial,48GB (24GBx2) DDR5 8000,3000,2900,3100,-,DDR5,0,0,0,0,0,0
RAM,Crucial,64GB (32GBx2) DDR5 8000,3000,2900,3100,-,DDR5,0,0,0,0,0,0
RAM,Crucial,96GB (48GBx2) DDR5 8000,3000,2900,3100,-,DDR5,0,0,0,0,0,0
RAM,Apacer,8GB (8GBx1) DDR4 3200,1658,2900,3100,-,DDR4,0,0,0,0,0,0
RAM,Apacer,16GB (8GBx2) DDR4 3200,1350,3830,3100,-,DDR4,0,0,0,0,0,0
RAM,Apacer,32GB (16GBx2) DDR4 3200,3190,4025,3100,-,DDR4,0,0,0,0,0,0
RAM,Apacer,64GB (32GBx2) DDR4 3200,3000,2900,3100,-,DDR4,0,0,0,0,0,0
RAM,Apacer,8GB (8GBx1) DDR4 3600,1658,3830,3100,-,DDR4,0,0,0,0,0,0
RAM,Apacer,16GB (8GBx2) DDR4 3600,1350,3830,3100,-,DDR4,0,0,0,0,0,0
RAM,Apacer,32GB (16GBx2) DDR4 3600,3190,4025,3100,-,DDR4,0,0,0,0,0,0
RAM,Apacer,64GB (32GBx2) DDR4 3600,3000,2900,3100,-,DDR4,0,0,0,0,0,0
RAM,Apacer,8GB (8GBx1) DDR4 4000,1658,3830,3100,-,DDR4,0,0,0,0,0,0
RAM,Apacer,16GB (8GBx2) DDR4 4000,1350,3830,3100,-,DDR4,0,0,0,0,0,0
RAM,Apacer,32GB (16GBx2) DDR4 4000,3190,4025,3100,-,DDR4,0,0,0,0,0,0
RAM,Apacer,64GB (32GBx2) DDR4 4000,3000,2900,3100,-,DDR4,0,0,0,0,0,0
RAM,Apacer,16GB (16GBx1) DDR5 4800,1780,3830,3100,-,DDR5,0,0,0,0,0,0
RAM,Apacer,32GB (16GBx2) DDR5 4800,3190,4025,3100,-,DDR5,0,0,0,0,0,0
RAM,Apacer,48GB (24GBx2) DDR5 4800,3000,2900,3100,-,DDR5,0,0,0,0,0,0
RAM,Apacer,64GB (32GBx2) DDR5 4800,3000,2900,3100,-,DDR5,0,0,0,0,0,0
RAM,Apacer,96GB (48GBx2) DDR5 4800,3000,2900,3100,-,DDR5,0,0,0,0,0,0
RAM,Apacer,16GB (16GBx1) DDR5 5200,1780,3830,3100,-,DDR5,0,0,0,0,0,0
RAM,Apacer,32GB (16GBx2) DDR5 5200,3190,4025,3100,-,DDR5,0,0,0,0,0,0
RAM,Apacer,48GB (24GBx2) DDR5 5200,3000,2900,3100,-,DDR5,0,0,0,0,0,0
RAM,Apacer,64GB (32GBx2) DDR5 5200,3000,2900,3100,-,DDR5,0,0,0,0,0,0
RAM,Apacer,96GB (48GBx2) DDR5 5200,3000,2900,3100,-,DDR5,0,0,0,0,0,0
RAM,Apacer,16GB (16GBx1) DDR5 5600,1780,3830,3100,-,DDR5,0,0,0,0,0,0
RAM,Apacer,32GB (16GBx2) DDR5 5600,3190,4025,3100,-,DDR5,0,0,0,0,0,0
RAM,Apacer,48GB (24GBx2) DDR5 5600,3000,2900,3100,-,DDR5,0,0,0,0,0,0
RAM,Apacer,64GB (32GBx2) DDR5 5600,3000,2900,3100,-,DDR5,0,0,0,0,0,0
RAM,Apacer,96GB (48GBx2) DDR5 5600,3000,2900,3100,-,DDR5,0,0,0,0,0,0
RAM,Apacer,16GB (16GBx1) DDR5 6000,1780,3830,3100,-,DDR5,0,0,0,0,0,0
RAM,Apacer,32GB (16GBx2) DDR5 6000,3190,4025,3100,-,DDR5,0,0,0,0,0,0
RAM,Apacer,48GB (24GBx2) DDR5 6000,3000,2900,3100,-,DDR5,0,0,0,0,0,0
RAM,Apacer,64GB (32GBx2) DDR5 6000,3000,2900,3100,-,DDR5,0,0,0,0,0,0
RAM,Apacer,96GB (48GBx2) DDR5 6000,3000,2900,3100,-,DDR5,0,0,0,0,0,0
RAM,Apacer,16GB (16GBx1) DDR5 6400,1780,3830,3100,-,DDR5,0,0,0,0,0,0
RAM,Apacer,32GB (16GBx2) DDR5 6400,3190,4025,3100,-,DDR5,0,0,0,0,0,0
RAM,Apacer,48GB (24GBx2) DDR5 6400,3000,2900,3100,-,DDR5,0,0,0,0,0,0
RAM,Apacer,64GB (32GBx2) DDR5 6400,3000,2900,3100,-,DDR5,0,0,0,0,0,0
RAM,Apacer,96GB (48GBx2) DDR5 6400,3000,2900,3100,-,DDR5,0,0,0,0,0,0
RAM,Apacer,16GB (16GBx1) DDR5 7200,1780,3830,3100,-,DDR5,0,0,0,0,0,0
RAM,Apacer,32GB (16GBx2) DDR5 7200,3190,4025,3100,-,DDR5,0,0,0,0,0,0
RAM,Apacer,48GB (24GBx2) DDR5 7200,3000,2900,3100,-,DDR5,0,0,0,0,0,0
RAM,Apacer,64GB (32GBx2) DDR5 7200,3000,2900,3100,-,DDR5,0,0,0,0,0,0
RAM,Apacer,96GB (48GBx2) DDR5 7200,3000,2900,3100,-,DDR5,0,0,0,0,0,0
RAM,Apacer,16GB (16GBx1) DDR5 8000,1780,3830,3100,-,DDR5,0,0,0,0,0,0
RAM,Apacer,32GB (16GBx2) DDR5 8000,3190,4025,3100,-,DDR5,0,0,0,0,0,0
RAM,Apacer,48GB (24GBx2) DDR5 8000,3000,2900,3100,-,DDR5,0,0,0,0,0,0
RAM,Apacer,64GB (32GBx2) DDR5 8000,3000,2900,3100,-,DDR5,0,0,0,0,0,0
RAM,Apacer,96GB (48GBx2) DDR5 8000,3000,2900,3100,-,DDR5,0,0,0,0,0,0
SSD,WD,250GB (SATA),3000,1365,3100,-,-,0,0,0,50,50,0
SSD,WD,250GB (NVMe Gen3),3000,1800,3100,-,-,0,0,0,50,50,0
SSD,WD,250GB (NVMe Gen4),3000,1800,3100,-,-,0,0,0,50,50,0
SSD,WD,500GB (SATA),3000,2900,3100,-,-,0,0,0,50,50,0
SSD,WD,500GB (NVMe Gen3),3000,1500,3100,-,-,0,0,0,50,50,0
SSD,WD,500GB (NVMe Gen4),3000,1500,3100,-,-,0,0,0,50,50,0
SSD,WD,1TB (SATA),3000,3890,3100,-,-,0,0,0,50,50,0
SSD,WD,1TB (NVMe Gen3),3000,2000,3100,-,-,0,0,0,50,50,0
SSD,WD,1TB (NVMe Gen4),3000,2000,3100,-,-,0,0,0,50,50,0
SSD,WD,1TB (NVMe Gen5),3000,2000,3100,-,-,0,0,0,50,50,0
SSD,WD,2TB (SATA),3000,2890,3100,-,-,0,0,0,50,50,0
SSD,WD,2TB (NVMe Gen3),3000,2900,3100,-,-,0,0,0,50,50,0
SSD,WD,2TB (NVMe Gen4),3000,4850,3100,-,-,0,0,0,50,50,0
SSD,WD,2TB (NVMe Gen5),3000,4850,3100,-,-,0,0,0,50,50,0
SSD,WD,4TB (SATA),3000,4740,3100,-,-,0,0,0,50,50,0
SSD,WD,4TB (NVMe Gen3),3000,2900,3100,-,-,0,0,0,50,50,0
SSD,WD,4TB (NVMe Gen4),3000,2900,3100,-,-,0,0,0,50,50,0
SSD,WD,4TB (NVMe Gen5),3000,2900,3100,-,-,0,0,0,50,50,0
SSD,Samsung,250GB (SATA),3000,2900,3100,-,-,0,0,0,50,50,0
SSD,Samsung,250GB (NVMe Gen3),3000,2900,3100,-,-,0,0,0,50,50,0
SSD,Samsung,250GB (NVMe Gen4),3000,2900,3100,-,-,0,0,0,50,50,0
SSD,Samsung,500GB (SATA),3000,2900,3100,-,-,0,0,0,50,50,0
SSD,Samsung,500GB (NVMe Gen3),3000,2900,3100,-,-,0,0,0,50,50,0
SSD,Samsung,500GB (NVMe Gen4),3000,2900,3100,-,-,0,0,0,50,50,0
SSD,Samsung,1TB (SATA),3000,2900,3100,-,-,0,0,0,50,50,0
SSD,Samsung,1TB (NVMe Gen3),3000,2900,3100,-,-,0,0,0,50,50,0
SSD,Samsung,1TB (NVMe Gen4),3000,2900,3100,-,-,0,0,0,50,50,0
SSD,Samsung,1TB (NVMe Gen5),3000,2900,3100,-,-,0,0,0,50,50,0
SSD,Samsung,2TB (SATA),3000,2900,3100,-,-,0,0,0,50,50,0
SSD,Samsung,2TB (NVMe Gen3),3000,2900,3100,-,-,0,0,0,50,50,0
SSD,Samsung,2TB (NVMe Gen4),3000,2900,3100,-,-,0,0,0,50,50,0
SSD,Samsung,2TB (NVMe Gen5),3000,2900,3100,-,-,0,0,0,50,50,0
SSD,Samsung,4TB (SATA),3000,2900,3100,-,-,0,0,0,50,50,0
SSD,Samsung,4TB (NVMe Gen3),3000,2900,3100,-,-,0,0,0,50,50,0
SSD,Samsung,4TB (NVMe Gen4),3000,2900,3100,-,-,0,0,0,50,50,0
SSD,Samsung,4TB (NVMe Gen5),3000,2900,3100,-,-,0,0,0,50,50,0
SSD,Kingston,250GB (SATA),3000,2900,3100,-,-,0,0,0,50,50,0
SSD,Kingston,250GB (NVMe Gen3),3000,2900,3100,-,-,0,0,0,50,50,0
SSD,Kingston,250GB (NVMe Gen4),3000,2900,3100,-,-,0,0,0,50,50,0
SSD,Kingston,500GB (SATA),3000,2055,3100,-,-,0,0,0,50,50,0
SSD,Kingston,500GB (NVMe Gen3),3000,2900,3100,-,-,0,0,0,50,50,0
SSD,Kingston,500GB (NVMe Gen4),3000,2900,3100,-,-,0,0,0,50,50,0
SSD,Kingston,1TB (SATA),3000,2900,3100,-,-,0,0,0,50,50,0
SSD,Kingston,1TB (NVMe Gen3),3000,4420,3100,-,-,0,0,0,50,50,0
SSD,Kingston,1TB (NVMe Gen4),3000,4420,3100,-,-,0,0,0,50,50,0
SSD,Kingston,1TB (NVMe Gen5),3000,4420,3100,-,-,0,0,0,50,50,0
SSD,Kingston,2TB (SATA),3000,2900,3100,-,-,0,0,0,50,50,0
SSD,Kingston,2TB (NVMe Gen3),3000,4490,3100,-,-,0,0,0,50,50,0
SSD,Kingston,2TB (NVMe Gen4),3000,4420,3100,-,-,0,0,0,50,50,0
SSD,Kingston,2TB (NVMe Gen5),3000,4490,3100,-,-,0,0,0,50,50,0
SSD,Kingston,4TB (SATA),3000,2900,3100,-,-,0,0,0,50,50,0
SSD,Kingston,4TB (NVMe Gen3),3000,2900,3100,-,-,0,0,0,50,50,0
SSD,Kingston,4TB (NVMe Gen4),3000,2900,3100,-,-,0,0,0,50,50,0
SSD,Kingston,4TB (NVMe Gen5),3000,2900,3100,-,-,0,0,0,50,50,0
SSD,Crucial,250GB (SATA),3000,2900,3100,-,-,0,0,0,50,50,0
SSD,Crucial,250GB (NVMe Gen3),3000,2900,3100,-,-,0,0,0,50,50,0
SSD,Crucial,250GB (NVMe Gen4),3000,2900,3100,-,-,0,0,0,50,50,0
SSD,Crucial,500GB (SATA),3000,2900,3100,-,-,0,0,0,50,50,0
SSD,Crucial,500GB (NVMe Gen3),3000,2900,3100,-,-,0,0,0,50,50,0
SSD,Crucial,500GB (NVMe Gen4),3000,2900,3100,-,-,0,0,0,50,50,0
SSD,Crucial,1TB (SATA),3000,3830,3100,-,-,0,0,0,50,50,0
SSD,Crucial,1TB (NVMe Gen3),3000,2900,3100,-,-,0,0,0,50,50,0
SSD,Crucial,1TB (NVMe Gen4),3000,2900,3100,-,-,0,0,0,50,50,0
SSD,Crucial,1TB (NVMe Gen5),3000,2900,3100,-,-,0,0,0,50,50,0
SSD,Crucial,2TB (SATA),3000,2790,3100,-,-,0,0,0,50,50,0
SSD,Crucial,2TB (NVMe Gen3),3000,2900,3100,-,-,0,0,0,50,50,0
SSD,Crucial,2TB (NVMe Gen4),3000,2900,3100,-,-,0,0,0,50,50,0
SSD,Crucial,2TB (NVMe Gen5),3000,2900,3100,-,-,0,0,0,50,50,0
SSD,Crucial,4TB (SATA),3000,4540,3100,-,-,0,0,0,50,50,0
SSD,Crucial,4TB (NVMe Gen3),3000,2900,3100,-,-,0,0,0,50,50,0
SSD,Crucial,4TB (NVMe Gen4),3000,2900,3100,-,-,0,0,0,50,50,0
SSD,Crucial,4TB (NVMe Gen5),3000,2900,3100,-,-,0,0,0,50,50,0
SSD,Corsair,250GB (SATA),3000,2900,3100,-,-,0,0,0,50,50,0
SSD,Corsair,250GB (NVMe Gen3),3000,2900,3100,-,-,0,0,0,50,50,0
SSD,Corsair,250GB (NVMe Gen4),3000,2900,3100,-,-,0,0,0,50,50,0
SSD,Corsair,500GB (SATA),3000,2900,3100,-,-,0,0,0,50,50,0
SSD,Corsair,500GB (NVMe Gen3),3000,2900,3100,-,-,0,0,0,50,50,0
SSD,Corsair,500GB (NVMe Gen4),3000,2900,3100,-,-,0,0,0,50,50,0
SSD,Corsair,1TB (SATA),3000,3930,3100,-,-,0,0,0,50,50,0
SSD,Corsair,1TB (NVMe Gen3),3000,2900,3100,-,-,0,0,0,50,50,0
SSD,Corsair,1TB (NVMe Gen4),3000,3930,3100,-,-,0,0,0,50,50,0
SSD,Corsair,1TB (NVMe Gen5),3000,2900,3100,-,-,0,0,0,50,50,0
SSD,Corsair,2TB (SATA),3000,2900,3100,-,-,0,0,0,50,50,0
SSD,Corsair,2TB (NVMe Gen3),3000,2900,3100,-,-,0,0,0,50,50,0
SSD,Corsair,2TB (NVMe Gen4),3000,2900,3100,-,-,0,0,0,50,50,0
SSD,Corsair,2TB (NVMe Gen5),3000,2900,3100,-,-,0,0,0,50,50,0
SSD,Corsair,4TB (SATA),3000,2900,3100,-,-,0,0,0,50,50,0
SSD,Corsair,4TB (NVMe Gen3),3000,2900,3100,-,-,0,0,0,50,50,0
SSD,Corsair,4TB (NVMe Gen4),3000,2900,3100,-,-,0,0,0,50,50,0
SSD,Corsair,4TB (NVMe Gen5),3000,2900,3100,-,-,0,0,0,50,50,0
SSD,ADATA,250GB (SATA),3000,1365,3100,-,-,0,0,0,50,50,0
SSD,ADATA,250GB (NVMe Gen3),3000,2900,3100,-,-,0,0,0,50,50,0
SSD,ADATA,250GB (NVMe Gen4),3000,1800,3100,-,-,0,0,0,50,50,0
SSD,ADATA,500GB (SATA),3000,2900,3100,-,-,0,0,0,50,50,0
SSD,ADATA,500GB (NVMe Gen3),3000,1500,3100,-,-,0,0,0,50,50,0
SSD,ADATA,500GB (NVMe Gen4),3000,1500,3100,-,-,0,0,0,50,50,0
SSD,ADATA,1TB (SATA),3000,3830,3100,-,-,0,0,0,50,50,0
SSD,ADATA,1TB (NVMe Gen3),3000,2000,3100,-,-,0,0,0,50,50,0
SSD,ADATA,1TB (NVMe Gen4),3000,2000,3100,-,-,0,0,0,50,50,0
SSD,ADATA,1TB (NVMe Gen5),3000,2000,3100,-,-,0,0,0,50,50,0
SSD,ADATA,2TB (SATA),3000,2790,3100,-,-,0,0,0,50,50,0
SSD,ADATA,2TB (NVMe Gen3),3000,2900,3100,-,-,0,0,0,50,50,0
SSD,ADATA,2TB (NVMe Gen4),3000,4850,3100,-,-,0,0,0,50,50,0
SSD,ADATA,2TB (NVMe Gen5),3000,4850,3100,-,-,0,0,0,50,50,0
SSD,ADATA,4TB (SATA),3000,4540,3100,-,-,0,0,0,50,50,0
SSD,ADATA,4TB (NVMe Gen3),3000,2900,3100,-,-,0,0,0,50,50,0
SSD,ADATA,4TB (NVMe Gen4),3000,2900,3100,-,-,0,0,0,50,50,0
SSD,ADATA,4TB (NVMe Gen5),3000,2900,3100,-,-,0,0,0,50,50,0
SSD,Lexar,250GB (SATA),3000,2900,3100,-,-,0,0,0,50,50,0
SSD,Lexar,250GB (NVMe Gen3),3000,2900,3100,-,-,0,0,0,50,50,0
SSD,Lexar,250GB (NVMe Gen4),3000,2900,3100,-,-,0,0,0,50,50,0
SSD,Lexar,500GB (SATA),3000,2900,3100,-,-,0,0,0,50,50,0
SSD,Lexar,500GB (NVMe Gen3),3000,2900,3100,-,-,0,0,0,50,50,0
SSD,Lexar,500GB (NVMe Gen4),3000,1500,3100,-,-,0,0,0,50,50,0
SSD,Lexar,1TB (SATA),3000,3830,3100,-,-,0,0,0,50,50,0
SSD,Lexar,1TB (NVMe Gen3),3000,2900,3100,-,-,0,0,0,50,50,0
SSD,Lexar,1TB (NVMe Gen4),3000,2900,3100,-,-,0,0,0,50,50,0
SSD,Lexar,1TB (NVMe Gen5),3000,2900,3100,-,-,0,0,0,50,50,0
SSD,Lexar,2TB (SATA),3000,2900,3100,-,-,0,0,0,50,50,0
SSD,Lexar,2TB (NVMe Gen3),3000,2900,3100,-,-,0,0,0,50,50,0
SSD,Lexar,2TB (NVMe Gen4),3000,2900,3100,-,-,0,0,0,50,50,0
SSD,Lexar,2TB (NVMe Gen5),3000,2900,3100,-,-,0,0,0,50,50,0
SSD,Lexar,4TB (SATA),3000,4540,3100,-,-,0,0,0,50,50,0
SSD,Lexar,4TB (NVMe Gen3),3000,2900,3100,-,-,0,0,0,50,50,0
SSD,Lexar,4TB (NVMe Gen4),3000,2900,3100,-,-,0,0,0,50,50,0
SSD,Lexar,4TB (NVMe Gen5),3000,2900,3100,-,-,0,0,0,50,50,0
SSD,Hikvision,250GB (SATA),3000,2900,3100,-,-,0,0,0,50,50,0
SSD,Hikvision,250GB (NVMe Gen3),3000,2900,3100,-,-,0,0,0,50,50,0
SSD,Hikvision,250GB (NVMe Gen4),3000,2900,3100,-,-,0,0,0,50,50,0
SSD,Hikvision,500GB (SATA),3000,2900,3100,-,-,0,0,0,50,50,0
SSD,Hikvision,500GB (NVMe Gen3),3000,2900,3100,-,-,0,0,0,50,50,0
SSD,Hikvision,500GB (NVMe Gen4),3000,2900,3100,-,-,0,0,0,50,50,0
SSD,Hikvision,1TB (SATA),3000,2900,3100,-,-,0,0,0,50,50,0
SSD,Hikvision,1TB (NVMe Gen3),3000,2900,3100,-,-,0,0,0,50,50,0
SSD,Hikvision,1TB (NVMe Gen4),3000,2900,3100,-,-,0,0,0,50,50,0
SSD,Hikvision,1TB (NVMe Gen5),3000,2900,3100,-,-,0,0,0,50,50,0
SSD,Hikvision,2TB (SATA),3000,2900,3100,-,-,0,0,0,50,50,0
SSD,Hikvision,2TB (NVMe Gen3),3000,2900,3100,-,-,0,0,0,50,50,0
SSD,Hikvision,2TB (NVMe Gen4),3000,2900,3100,-,-,0,0,0,50,50,0
SSD,Hikvision,2TB (NVMe Gen5),3000,2900,3100,-,-,0,0,0,50,50,0
SSD,Hikvision,4TB (SATA),3000,2900,3100,-,-,0,0,0,50,50,0
SSD,Hikvision,4TB (NVMe Gen3),3000,2900,3100,-,-,0,0,0,50,50,0
SSD,Hikvision,4TB (NVMe Gen4),3000,2900,3100,-,-,0,0,0,50,50,0
SSD,Hikvision,4TB (NVMe Gen5),3000,2900,3100,-,-,0,0,0,50,50,0
SSD,Silicon Power,250GB (SATA),3000,2900,3100,-,-,0,0,0,50,50,0
SSD,Silicon Power,250GB (NVMe Gen3),3000,2900,3100,-,-,0,0,0,50,50,0
SSD,Silicon Power,250GB (NVMe Gen4),3000,2900,3100,-,-,0,0,0,50,50,0
SSD,Silicon Power,500GB (SATA),3000,2900,3100,-,-,0,0,0,50,50,0
SSD,Silicon Power,500GB (NVMe Gen3),3000,2900,3100,-,-,0,0,0,50,50,0
SSD,Silicon Power,500GB (NVMe Gen4),3000,2900,3100,-,-,0,0,0,50,50,0
SSD,Silicon Power,1TB (SATA),3000,2900,3100,-,-,0,0,0,50,50,0
SSD,Silicon Power,1TB (NVMe Gen3),3000,2900,3100,-,-,0,0,0,50,50,0
SSD,Silicon Power,1TB (NVMe Gen4),3000,2900,3100,-,-,0,0,0,50,50,0
SSD,Silicon Power,1TB (NVMe Gen5),3000,2900,3100,-,-,0,0,0,50,50,0
SSD,Silicon Power,2TB (SATA),3000,2900,3100,-,-,0,0,0,50,50,0
SSD,Silicon Power,2TB (NVMe Gen3),3000,2900,3100,-,-,0,0,0,50,50,0
SSD,Silicon Power,2TB (NVMe Gen4),3000,2900,3100,-,-,0,0,0,50,50,0
SSD,Silicon Power,2TB (NVMe Gen5),3000,2900,3100,-,-,0,0,0,50,50,0
SSD,Silicon Power,4TB (SATA),3000,2900,3100,-,-,0,0,0,50,50,0
SSD,Silicon Power,4TB (NVMe Gen3),3000,2900,3100,-,-,0,0,0,50,50,0
SSD,Silicon Power,4TB (NVMe Gen4),3000,2900,3100,-,-,0,0,0,50,50,0
SSD,Silicon Power,4TB (NVMe Gen5),3000,2900,3100,-,-,0,0,0,50,50,0
PSU,Corsair,450W (80+ White),4000,3900,4100,-,-,450,0,0,0,0,0
PSU,Corsair,550W (80+ White),4000,3900,4100,-,-,550,0,0,0,0,0
PSU,Corsair,650W (80+ Bronze),4000,1640,1950,-,-,650,0,0,0,0,0
PSU,Corsair,750W (80+ Gold ATX 3.0),4000,1990,2490,-,-,750,0,0,0,0,0
PSU,Corsair,850W (80+ Gold ATX 3.0),4000,3900,4290,-,-,850,0,0,0,0,0
PSU,Corsair,1000W (80+ Gold ATX 3.0),4000,4910,6350,-,-,1000,0,0,0,0,0
PSU,Corsair,1200W (80+ Platinum/Titanium ATX 3.0),4000,3900,4100,-,-,1200,0,0,0,0,0
PSU,Corsair,1300W (80+ Platinum/Titanium ATX 3.0),4000,3900,4100,-,-,1300,0,0,0,0,0
PSU,Corsair,1600W (80+ Platinum/Titanium ATX 3.0),4000,3900,4100,-,-,1600,0,0,0,0,0
PSU,Seasonic,450W (80+ White),4000,3900,4100,-,-,450,0,0,0,0,0
PSU,Seasonic,550W (80+ White),4000,3900,4100,-,-,550,0,0,0,0,0
PSU,Seasonic,650W (80+ Bronze),4000,3900,4100,-,-,650,0,0,0,0,0
PSU,Seasonic,750W (80+ Gold ATX 3.0),4000,3900,4100,-,-,750,0,0,0,0,0
PSU,Seasonic,850W (80+ Gold ATX 3.0),4000,3900,4100,-,-,850,0,0,0,0,0
PSU,Seasonic,1000W (80+ Gold ATX 3.0),4000,5730,4100,-,-,1000,0,0,0,0,0
PSU,Seasonic,1200W (80+ Platinum/Titanium ATX 3.0),4000,3900,4100,-,-,1200,0,0,0,0,0
PSU,Seasonic,1300W (80+ Platinum/Titanium ATX 3.0),4000,3900,4100,-,-,1300,0,0,0,0,0
PSU,Seasonic,1600W (80+ Platinum/Titanium ATX 3.0),4000,3900,4100,-,-,1600,0,0,0,0,0
PSU,Thermaltake,450W (80+ White),4000,3900,4100,-,-,450,0,0,0,0,0
PSU,Thermaltake,550W (80+ White),4000,3400,4100,-,-,550,0,0,0,0,0
PSU,Thermaltake,650W (80+ Bronze),1690,1640,1690,-,-,650,0,0,0,0,0
PSU,Thermaltake,750W (80+ Gold ATX 3.0),4000,1990,4100,-,-,750,0,0,0,0,0
PSU,Thermaltake,850W (80+ Gold ATX 3.0),4000,3270,4100,-,-,850,0,0,0,0,0
PSU,Thermaltake,1000W (80+ Gold ATX 3.0),4000,4840,4100,-,-,1000,0,0,0,0,0
PSU,Thermaltake,1200W (80+ Platinum/Titanium ATX 3.0),4000,5060,4100,-,-,1200,0,0,0,0,0
PSU,Thermaltake,1300W (80+ Platinum/Titanium ATX 3.0),4000,3900,4100,-,-,1300,0,0,0,0,0
PSU,Thermaltake,1600W (80+ Platinum/Titanium ATX 3.0),4000,3900,4100,-,-,1600,0,0,0,0,0
PSU,SilverStone,450W (80+ White),4000,3900,4100,-,-,450,0,0,0,0,0
PSU,SilverStone,550W (80+ White),4000,3900,4100,-,-,550,0,0,0,0,0
PSU,SilverStone,650W (80+ Bronze),4000,2100,4100,-,-,650,0,0,0,0,0
PSU,SilverStone,750W (80+ Gold ATX 3.0),4000,1650,4100,-,-,750,0,0,0,0,0
PSU,SilverStone,850W (80+ Gold ATX 3.0),4000,3230,4100,-,-,850,0,0,0,0,0
PSU,SilverStone,1000W (80+ Gold ATX 3.0),4000,3900,4100,-,-,1000,0,0,0,0,0
PSU,SilverStone,1200W (80+ Platinum/Titanium ATX 3.0),4000,3900,4100,-,-,1200,0,0,0,0,0
PSU,SilverStone,1300W (80+ Platinum/Titanium ATX 3.0),4000,3900,4100,-,-,1300,0,0,0,0,0
PSU,SilverStone,1600W (80+ Platinum/Titanium ATX 3.0),4000,3900,4100,-,-,1600,0,0,0,0,0
PSU,FSP,450W (80+ White),4000,3900,4100,-,-,450,0,0,0,0,0
PSU,FSP,550W (80+ White),4000,2190,4100,-,-,550,0,0,0,0,0
PSU,FSP,650W (80+ Bronze),4000,1640,4100,-,-,650,0,0,0,0,0
PSU,FSP,750W (80+ Gold ATX 3.0),4000,1990,4100,-,-,750,0,0,0,0,0
PSU,FSP,850W (80+ Gold ATX 3.0),4000,5590,3490,-,-,850,0,0,0,0,0
PSU,FSP,1000W (80+ Gold ATX 3.0),4000,5730,4100,-,-,1000,0,0,0,0,0
PSU,FSP,1200W (80+ Platinum/Titanium ATX 3.0),4000,3900,4100,-,-,1200,0,0,0,0,0
PSU,FSP,1300W (80+ Platinum/Titanium ATX 3.0),4000,3900,4100,-,-,1300,0,0,0,0,0
PSU,FSP,1600W (80+ Platinum/Titanium ATX 3.0),4000,3900,4100,-,-,1600,0,0,0,0,0
PSU,Cooler Master,450W (80+ White),4000,3900,4100,-,-,450,0,0,0,0,0
PSU,Cooler Master,550W (80+ White),4000,3900,4100,-,-,550,0,0,0,0,0
PSU,Cooler Master,650W (80+ Bronze),4000,3900,1890,-,-,650,0,0,0,0,0
PSU,Cooler Master,750W (80+ Gold ATX 3.0),4000,1790,4100,-,-,750,0,0,0,0,0
PSU,Cooler Master,850W (80+ Gold ATX 3.0),4750,2320,5390,-,-,850,0,0,0,0,0
PSU,Cooler Master,1000W (80+ Gold ATX 3.0),4000,3490,4100,-,-,1000,0,0,0,0,0
PSU,Cooler Master,1200W (80+ Platinum/Titanium ATX 3.0),4000,3900,4100,-,-,1200,0,0,0,0,0
PSU,Cooler Master,1300W (80+ Platinum/Titanium ATX 3.0),4000,3900,4100,-,-,1300,0,0,0,0,0
PSU,Cooler Master,1600W (80+ Platinum/Titanium ATX 3.0),4000,3900,4100,-,-,1600,0,0,0,0,0
PSU,Aerocool,450W (80+ White),4000,3900,4100,-,-,450,0,0,0,0,0
PSU,Aerocool,550W (80+ White),4000,3900,4100,-,-,550,0,0,0,0,0
PSU,Aerocool,650W (80+ Bronze),4000,3900,4100,-,-,650,0,0,0,0,0
PSU,Aerocool,750W (80+ Gold ATX 3.0),4000,1640,4100,-,-,750,0,0,0,0,0
PSU,Aerocool,850W (80+ Gold ATX 3.0),4000,3900,4100,-,-,850,0,0,0,0,0
PSU,Aerocool,1000W (80+ Gold ATX 3.0),4000,3900,4100,-,-,1000,0,0,0,0,0
PSU,Aerocool,1200W (80+ Platinum/Titanium ATX 3.0),4000,3900,4100,-,-,1200,0,0,0,0,0
PSU,Aerocool,1300W (80+ Platinum/Titanium ATX 3.0),4000,3900,4100,-,-,1300,0,0,0,0,0
PSU,Aerocool,1600W (80+ Platinum/Titanium ATX 3.0),4000,3900,4100,-,-,1600,0,0,0,0,0
PSU,Antec,450W (80+ White),4000,3900,4100,-,-,450,0,0,0,0,0
PSU,Antec,550W (80+ White),4000,3900,4100,-,-,550,0,0,0,0,0
PSU,Antec,650W (80+ Bronze),4000,3900,4100,-,-,650,0,0,0,0,0
PSU,Antec,750W (80+ Gold ATX 3.0),4000,1710,4100,-,-,750,0,0,0,0,0
PSU,Antec,850W (80+ Gold ATX 3.0),4000,3390,4100,-,-,850,0,0,0,0,0
PSU,Antec,1000W (80+ Gold ATX 3.0),4000,3900,4100,-,-,1000,0,0,0,0,0
PSU,Antec,1200W (80+ Platinum/Titanium ATX 3.0),4000,3900,4100,-,-,1200,0,0,0,0,0
PSU,Antec,1300W (80+ Platinum/Titanium ATX 3.0),4000,3900,4100,-,-,1300,0,0,0,0,0
PSU,Antec,1600W (80+ Platinum/Titanium ATX 3.0),4000,3900,4100,-,-,1600,0,0,0,0,0
PSU,MSI,450W (80+ White),4000,3900,4100,-,-,450,0,0,0,0,0
PSU,MSI,550W (80+ White),4000,2190,4100,-,-,550,0,0,0,0,0
PSU,MSI,650W (80+ Bronze),4000,3900,1650,-,-,650,0,0,0,0,0
PSU,MSI,750W (80+ Gold ATX 3.0),4000,1940,4100,-,-,750,0,0,0,0,0
PSU,MSI,850W (80+ Gold ATX 3.0),4000,3110,2890,-,-,850,0,0,0,0,0
PSU,MSI,1000W (80+ Gold ATX 3.0),4000,5790,5990,-,-,1000,0,0,0,0,0
PSU,MSI,1200W (80+ Platinum/Titanium ATX 3.0),4000,3900,4100,-,-,1200,0,0,0,0,0
PSU,MSI,1300W (80+ Platinum/Titanium ATX 3.0),4000,3900,4100,-,-,1300,0,0,0,0,0
PSU,MSI,1600W (80+ Platinum/Titanium ATX 3.0),4000,3900,4100,-,-,1600,0,0,0,0,0
PSU,Super Flower,450W (80+ White),4000,3900,4100,-,-,450,0,0,0,0,0
PSU,Super Flower,550W (80+ White),4000,3900,4100,-,-,550,0,0,0,0,0
PSU,Super Flower,650W (80+ Bronze),4000,1640,4100,-,-,650,0,0,0,0,0
PSU,Super Flower,750W (80+ Gold ATX 3.0),4000,3900,4100,-,-,750,0,0,0,0,0
PSU,Super Flower,850W (80+ Gold ATX 3.0),4000,3900,3690,-,-,850,0,0,0,0,0
PSU,Super Flower,1000W (80+ Gold ATX 3.0),4000,3900,4100,-,-,1000,0,0,0,0,0
PSU,Super Flower,1200W (80+ Platinum/Titanium ATX 3.0),4000,3900,4100,-,-,1200,0,0,0,0,0
PSU,Super Flower,1300W (80+ Platinum/Titanium ATX 3.0),4000,3900,4100,-,-,1300,0,0,0,0,0
PSU,Super Flower,1600W (80+ Platinum/Titanium ATX 3.0),4000,3900,4100,-,-,1600,0,0,0,0,0
Case,Montech,ATX Mid Tower,1290,1320,2600,-,-,0,0,0,0,0,0
Case,Montech,mATX Mini Tower,1490,1280,2600,-,-,0,0,0,0,0,0
Case,Montech,ITX Mini,2500,2400,2600,-,-,0,0,0,0,0,0
Case,Montech,Dual Chamber (ตู้ปลา),2500,2400,2600,-,-,0,0,0,0,0,0
Case,Montech,Full Tower,2500,2400,2600,-,-,0,0,0,0,0,0
Case,NZXT,ATX Mid Tower,3290,3210,2600,-,-,0,0,0,0,0,0
Case,NZXT,mATX Mini Tower,2500,1990,2600,-,-,0,0,0,0,0,0
Case,NZXT,ITX Mini,2500,3160,2600,-,-,0,0,0,0,0,0
Case,NZXT,Dual Chamber (ตู้ปลา),2500,2400,2600,-,-,0,0,0,0,0,0
Case,NZXT,Full Tower,2500,2400,2600,-,-,0,0,0,0,0,0
Case,Corsair,ATX Mid Tower,2690,2400,2600,-,-,0,0,0,0,0,0
Case,Corsair,mATX Mini Tower,2500,2400,2600,-,-,0,0,0,0,0,0
Case,Corsair,ITX Mini,2500,3160,2600,-,-,0,0,0,0,0,0
Case,Corsair,Dual Chamber (ตู้ปลา),2500,2400,2600,-,-,0,0,0,0,0,0
Case,Corsair,Full Tower,2500,2400,2600,-,-,0,0,0,0,0,0
Case,Lian Li,ATX Mid Tower,3590,2400,2600,-,-,0,0,0,0,0,0
Case,Lian Li,mATX Mini Tower,2130,2400,2600,-,-,0,0,0,0,0,0
Case,Lian Li,ITX Mini,2500,2400,2600,-,-,0,0,0,0,0,0
Case,Lian Li,Dual Chamber (ตู้ปลา),2500,2400,2600,-,-,0,0,0,0,0,0
Case,Lian Li,Full Tower,2500,2400,2600,-,-,0,0,0,0,0,0
Case,Fractal Design,ATX Mid Tower,2500,2400,2600,-,-,0,0,0,0,0,0
Case,Fractal Design,mATX Mini Tower,2500,2400,2600,-,-,0,0,0,0,0,0
Case,Fractal Design,ITX Mini,2500,2400,2600,-,-,0,0,0,0,0,0
Case,Fractal Design,Dual Chamber (ตู้ปลา),2500,2400,2600,-,-,0,0,0,0,0,0
Case,Fractal Design,Full Tower,2500,2400,2600,-,-,0,0,0,0,0,0
Case,Phanteks,ATX Mid Tower,1044,2400,2600,-,-,0,0,0,0,0,0
Case,Phanteks,mATX Mini Tower,2500,2400,2600,-,-,0,0,0,0,0,0
Case,Phanteks,ITX Mini,2500,2400,2600,-,-,0,0,0,0,0,0
Case,Phanteks,Dual Chamber (ตู้ปลา),2500,2400,2600,-,-,0,0,0,0,0,0
Case,Phanteks,Full Tower,2500,2400,2600,-,-,0,0,0,0,0,0
Case,Cooler Master,ATX Mid Tower,1990,2400,2600,-,-,0,0,0,0,0,0
Case,Cooler Master,mATX Mini Tower,2500,2190,2600,-,-,0,0,0,0,0,0
Case,Cooler Master,ITX Mini,2500,2400,2600,-,-,0,0,0,0,0,0
Case,Cooler Master,Dual Chamber (ตู้ปลา),2500,2400,2600,-,-,0,0,0,0,0,0
Case,Cooler Master,Full Tower,2500,3490,2600,-,-,0,0,0,0,0,0
Case,Thermaltake,ATX Mid Tower,1126,2400,2390,-,-,0,0,0,0,0,0
Case,Thermaltake,mATX Mini Tower,2500,1690,2600,-,-,0,0,0,0,0,0
Case,Thermaltake,ITX Mini,3690,2400,2600,-,-,0,0,0,0,0,0
Case,Thermaltake,Dual Chamber (ตู้ปลา),2500,2400,2600,-,-,0,0,0,0,0,0
Case,Thermaltake,Full Tower,2500,2400,2600,-,-,0,0,0,0,0,0
Case,Antec,ATX Mid Tower,1190,2400,2600,-,-,0,0,0,0,0,0
Case,Antec,mATX Mini Tower,2500,2400,2600,-,-,0,0,0,0,0,0
Case,Antec,ITX Mini,2500,3160,2600,-,-,0,0,0,0,0,0
Case,Antec,Dual Chamber (ตู้ปลา),2500,2400,2600,-,-,0,0,0,0,0,0
Case,Antec,Full Tower,2500,2400,2600,-,-,0,0,0,0,0,0
Case,Zalman,ATX Mid Tower,1290,2400,2600,-,-,0,0,0,0,0,0
Case,Zalman,mATX Mini Tower,2500,1267,2600,-,-,0,0,0,0,0,0
Case,Zalman,ITX Mini,2500,2400,2600,-,-,0,0,0,0,0,0
Case,Zalman,Dual Chamber (ตู้ปลา),2500,2400,2600,-,-,0,0,0,0,0,0
Case,Zalman,Full Tower,2500,2400,2600,-,-,0,0,0,0,0,0
Case,Cougar,ATX Mid Tower,1390,2620,2600,-,-,0,0,0,0,0,0
Case,Cougar,mATX Mini Tower,2500,2400,2600,-,-,0,0,0,0,0,0
Case,Cougar,ITX Mini,2500,3160,2600,-,-,0,0,0,0,0,0
Case,Cougar,Dual Chamber (ตู้ปลา),2500,2400,2600,-,-,0,0,0,0,0,0
Case,Cougar,Full Tower,2500,2400,2600,-,-,0,0,0,0,0,0
Case,SilverStone,ATX Mid Tower,1390,2400,2600,-,-,0,0,0,0,0,0
Case,SilverStone,mATX Mini Tower,2500,2400,2600,-,-,0,0,0,0,0,0
Case,SilverStone,ITX Mini,2500,2400,2600,-,-,0,0,0,0,0,0
Case,SilverStone,Dual Chamber (ตู้ปลา),2500,2400,2600,-,-,0,0,0,0,0,0
Case,SilverStone,Full Tower,2500,2400,2600,-,-,0,0,0,0,0,0
